/*
SQLyog Community v12.12 (64 bit)
MySQL - 5.6.21 : Database - meetmeup
*********************************************************************
*/

/*!40101 SET NAMES utf8 */;

/*!40101 SET SQL_MODE=''*/;

/*!40014 SET @OLD_UNIQUE_CHECKS=@@UNIQUE_CHECKS, UNIQUE_CHECKS=0 */;
/*!40014 SET @OLD_FOREIGN_KEY_CHECKS=@@FOREIGN_KEY_CHECKS, FOREIGN_KEY_CHECKS=0 */;
/*!40101 SET @OLD_SQL_MODE=@@SQL_MODE, SQL_MODE='NO_AUTO_VALUE_ON_ZERO' */;
/*!40111 SET @OLD_SQL_NOTES=@@SQL_NOTES, SQL_NOTES=0 */;
CREATE DATABASE /*!32312 IF NOT EXISTS*/`meetmeup` /*!40100 DEFAULT CHARACTER SET latin1 */;

USE `meetmeup`;

/*Table structure for table `attendees` */

DROP TABLE IF EXISTS `attendees`;

CREATE TABLE `attendees` (
  `id` int(11) NOT NULL AUTO_INCREMENT,
  `post_id` int(11) DEFAULT NULL,
  `post_type` char(1) DEFAULT NULL,
  `user_id` int(1) DEFAULT NULL,
  `collaboration_status` char(11) DEFAULT NULL,
  `request_date` datetime DEFAULT NULL,
  `accepted_date` datetime DEFAULT NULL,
  PRIMARY KEY (`id`),
  KEY `user_id` (`user_id`)
) ENGINE=InnoDB AUTO_INCREMENT=29 DEFAULT CHARSET=latin1;

/*Data for the table `attendees` */

insert  into `attendees`(`id`,`post_id`,`post_type`,`user_id`,`collaboration_status`,`request_date`,`accepted_date`) values (27,7,'M',41,'Y','2016-01-29 21:31:53','2016-01-29 22:20:19'),(28,10,'M',31,'Y','2016-01-29 22:38:52','2016-01-29 22:39:18');

/*Table structure for table `comments` */

DROP TABLE IF EXISTS `comments`;

CREATE TABLE `comments` (
  `id` int(11) NOT NULL AUTO_INCREMENT,
  `post_id` int(11) DEFAULT NULL,
  `post_type` char(1) DEFAULT NULL,
  `user_id` int(11) DEFAULT NULL,
  `comment` text,
  `comment_date` datetime DEFAULT NULL,
  PRIMARY KEY (`id`),
  KEY `post_id` (`post_id`),
  KEY `user_id` (`user_id`)
) ENGINE=InnoDB AUTO_INCREMENT=66 DEFAULT CHARSET=latin1;

/*Data for the table `comments` */

insert  into `comments`(`id`,`post_id`,`post_type`,`user_id`,`comment`,`comment_date`) values (57,7,'M',41,'Hello! need to see you, where?','2016-01-29 22:22:15'),(58,10,'M',31,'Hello novie. wanna meet you','2016-01-29 22:40:06'),(59,10,'M',41,'Hello','2016-01-29 22:55:34'),(60,10,'M',31,'you wanna see me?','2016-01-29 23:00:51'),(61,10,'M',41,'yes.. you?','2016-01-29 23:01:02'),(62,10,'M',31,'okay lets meet then. ','2016-01-29 23:01:18'),(63,10,'M',31,'are you sure? ','2016-01-29 23:21:53'),(64,7,'M',41,'Hello','2016-01-30 00:24:57'),(65,10,'M',41,'comment in my own meetup','2016-01-30 00:27:43');

/*Table structure for table `events` */

DROP TABLE IF EXISTS `events`;

CREATE TABLE `events` (
  `id` int(11) NOT NULL AUTO_INCREMENT,
  `event_name` varchar(40) NOT NULL,
  `event_type` char(1) DEFAULT NULL,
  `pass_key` varchar(20) DEFAULT NULL,
  `details` text,
  `location` varchar(100) DEFAULT NULL,
  `start_date` date DEFAULT NULL,
  `end_date` date DEFAULT NULL,
  `posted_date` datetime DEFAULT NULL,
  `posted_by` int(11) DEFAULT NULL,
  `posted_by_type` char(1) DEFAULT NULL,
  `avail_status` char(1) DEFAULT NULL,
  `active_flag` char(1) DEFAULT NULL,
  PRIMARY KEY (`id`),
  KEY `posted_by` (`posted_by`)
) ENGINE=InnoDB AUTO_INCREMENT=16 DEFAULT CHARSET=latin1;

/*Data for the table `events` */

insert  into `events`(`id`,`event_name`,`event_type`,`pass_key`,`details`,`location`,`start_date`,`end_date`,`posted_date`,`posted_by`,`posted_by_type`,`avail_status`,`active_flag`) values (12,'our first monthsary','P','0NY7LGZcT5','mandau','mark and novie hh','2016-00-26','1900-01-26','2016-01-03 18:14:45',34,'U','A','A'),(13,'Sample','C','2UUO9ZGPeC','sample sample','Mandaue','2015-12-26','2015-12-27','2016-01-03 18:15:18',34,'G','A','A'),(14,'hello','P','oeJGCj0gdc','hjsk','njsjaka','2016-00-28','2016-00-28','2016-01-28 15:19:02',31,'U','A','A'),(15,'dfaf','T','FGEWNDfm0J','dfadfa','dafad','2016-00-29','2016-00-29','2016-01-29 13:54:41',41,'U','A','A');

/*Table structure for table `group_members` */

DROP TABLE IF EXISTS `group_members`;

CREATE TABLE `group_members` (
  `id` int(11) NOT NULL AUTO_INCREMENT,
  `group_id` varchar(40) DEFAULT NULL,
  `user_id` int(11) DEFAULT NULL,
  `collaboration_status` char(1) DEFAULT NULL,
  `request_date` datetime DEFAULT NULL,
  `accepted_date` datetime DEFAULT NULL,
  PRIMARY KEY (`id`),
  KEY `group_id` (`group_id`),
  KEY `user_id` (`user_id`)
) ENGINE=InnoDB AUTO_INCREMENT=3 DEFAULT CHARSET=latin1;

/*Data for the table `group_members` */

insert  into `group_members`(`id`,`group_id`,`user_id`,`collaboration_status`,`request_date`,`accepted_date`) values (1,'18',31,'A','2015-12-17 23:40:03','2015-12-18 23:40:06'),(2,'18',5,'A','2015-12-15 23:40:19','2015-12-17 23:40:24');

/*Table structure for table `groups` */

DROP TABLE IF EXISTS `groups`;

CREATE TABLE `groups` (
  `id` int(11) NOT NULL AUTO_INCREMENT,
  `group_name` varchar(40) DEFAULT NULL,
  `details` text,
  `created_by` int(11) DEFAULT NULL,
  `created_date` datetime DEFAULT NULL,
  `avail_flag` char(1) DEFAULT NULL,
  `active_flag` char(1) DEFAULT NULL,
  `group_image` varchar(40) DEFAULT NULL,
  PRIMARY KEY (`id`),
  KEY `created_by` (`created_by`)
) ENGINE=InnoDB AUTO_INCREMENT=39 DEFAULT CHARSET=latin1;

/*Data for the table `groups` */

insert  into `groups`(`id`,`group_name`,`details`,`created_by`,`created_date`,`avail_flag`,`active_flag`,`group_image`) values (29,'Climber','From cebu',34,'2016-01-25 00:01:45','A','A','dC7CsDCKnQ'),(30,'Lovers','Lovers from Korea',34,'2016-01-25 00:08:48','A','A','MkHsPdjY4T'),(31,'makshd','isjsjs',31,'2016-01-28 12:49:00','A','A','rHHT93G8XA'),(35,'Hello','This is a sample commentdafa',41,'2016-01-29 14:21:45','A','D','QEu3dguTlS'),(38,'Hello','This',41,'2016-01-29 16:19:20','A','A','6isBpJBq6E');

/*Table structure for table `meetups` */

DROP TABLE IF EXISTS `meetups`;

CREATE TABLE `meetups` (
  `id` int(11) NOT NULL AUTO_INCREMENT,
  `pass_key` varchar(40) DEFAULT NULL,
  `posted_by` int(11) DEFAULT NULL,
  `subject` text,
  `details` text,
  `location` varchar(100) DEFAULT NULL,
  `posted_date` datetime DEFAULT NULL,
  `pref_start_age` int(11) DEFAULT NULL,
  `pref_end_age` int(11) DEFAULT NULL,
  `pref_gender` char(1) DEFAULT NULL,
  `avail_status` char(1) DEFAULT NULL,
  `active_flag` char(1) DEFAULT NULL,
  PRIMARY KEY (`id`),
  KEY `posted_by` (`posted_by`)
) ENGINE=InnoDB AUTO_INCREMENT=11 DEFAULT CHARSET=latin1;

/*Data for the table `meetups` */

insert  into `meetups`(`id`,`pass_key`,`posted_by`,`subject`,`details`,`location`,`posted_date`,`pref_start_age`,`pref_end_age`,`pref_gender`,`avail_status`,`active_flag`) values (1,'DJF21KAH',34,'Hello1','hello1','hello1','2015-12-25 21:28:05',1,1,'B','A','A'),(7,'5YONOkSAYs',31,'Need comforter','Im so sad today.','Mandaue City','2016-01-26 23:47:00',19,100,'B','A','A'),(8,'NihCv6o6FW',31,'i wanna go to malapascua','urgent hiring','sjsks','2016-01-28 15:11:19',13,11,'M','A','A'),(9,'MG5l6ZHQIK',41,'hello','jsshd','nsjs','2016-01-29 13:14:39',13,20,'M','A','D'),(10,'lP9G7gD1E6',41,'hello','nsnaa','nNN','2016-01-29 16:10:16',13,20,'M','A','A');

/*Table structure for table `nationalities` */

DROP TABLE IF EXISTS `nationalities`;

CREATE TABLE `nationalities` (
  `id` int(5) NOT NULL AUTO_INCREMENT,
  `nationality` varchar(40) NOT NULL,
  PRIMARY KEY (`id`)
) ENGINE=InnoDB AUTO_INCREMENT=194 DEFAULT CHARSET=latin1;

/*Data for the table `nationalities` */

insert  into `nationalities`(`id`,`nationality`) values (1,'Afghan\r'),(2,'Albanian\r'),(3,'Algerian\r'),(4,'American\r'),(5,'Andorran\r'),(6,'Angolan\r'),(7,'Antiguans\r'),(8,'Argentinean\r'),(9,'Armenian\r'),(10,'Australian\r'),(11,'Austrian\r'),(12,'Azerbaijani\r'),(13,'Bahamian\r'),(14,'Bahraini\r'),(15,'Bangladeshi\r'),(16,'Barbadian\r'),(17,'Barbudans\r'),(18,'Batswana\r'),(19,'Belarusian\r'),(20,'Belgian\r'),(21,'Belizean\r'),(22,'Beninese\r'),(23,'Bhutanese\r'),(24,'Bolivian\r'),(25,'Bosnian\r'),(26,'Brazilian\r'),(27,'British\r'),(28,'Bruneian\r'),(29,'Bulgarian\r'),(30,'Burkinabe\r'),(31,'Burmese\r'),(32,'Burundian\r'),(33,'Cambodian\r'),(34,'Cameroonian\r'),(35,'Canadian\r'),(36,'Cape Verdean\r'),(37,'Central African\r'),(38,'Chadian\r'),(39,'Chilean\r'),(40,'Chinese\r'),(41,'Colombian\r'),(42,'Comoran\r'),(43,'Congolese\r'),(44,'Costa Rican\r'),(45,'Croatian\r'),(46,'Cuban\r'),(47,'Cypriot\r'),(48,'Czech\r'),(49,'Danish\r'),(50,'Djibouti\r'),(51,'Dominican\r'),(52,'Dutch\r'),(53,'East Timorese\r'),(54,'Ecuadorean\r'),(55,'Egyptian\r'),(56,'Emirian\r'),(57,'Equatorial Guinean\r'),(58,'Eritrean\r'),(59,'Estonian\r'),(60,'Ethiopian\r'),(61,'Fijian\r'),(62,'Filipino\r'),(63,'Finnish\r'),(64,'French\r'),(65,'Gabonese\r'),(66,'Gambian\r'),(67,'Georgian\r'),(68,'German\r'),(69,'Ghanaian\r'),(70,'Greek\r'),(71,'Grenadian\r'),(72,'Guatemalan\r'),(73,'Guinea-Bissauan\r'),(74,'Guinean\r'),(75,'Guyanese\r'),(76,'Haitian\r'),(77,'Herzegovinian\r'),(78,'Honduran\r'),(79,'Hungarian\r'),(80,'I-Kiribati\r'),(81,'Icelander\r'),(82,'Indian\r'),(83,'Indonesian\r'),(84,'Iranian\r'),(85,'Iraqi\r'),(86,'Irish\r'),(87,'Israeli\r'),(88,'Italian\r'),(89,'Ivorian\r'),(90,'Jamaican\r'),(91,'Japanese\r'),(92,'Jordanian\r'),(93,'Kazakhstani\r'),(94,'Kenyan\r'),(95,'Kittian and Nevisian\r'),(96,'Kuwaiti\r'),(97,'Kyrgyz\r'),(98,'Laotian\r'),(99,'Latvian\r'),(100,'Lebanese\r'),(101,'Liberian\r'),(102,'Libyan\r'),(103,'Liechtensteiner\r'),(104,'Lithuanian\r'),(105,'Luxembourger\r'),(106,'Macedonian\r'),(107,'Malagasy\r'),(108,'Malawian\r'),(109,'Malaysian\r'),(110,'Maldivan\r'),(111,'Malian\r'),(112,'Maltese\r'),(113,'Marshallese\r'),(114,'Mauritanian\r'),(115,'Mauritian\r'),(116,'Mexican\r'),(117,'Micronesian\r'),(118,'Moldovan\r'),(119,'Monacan\r'),(120,'Mongolian\r'),(121,'Moroccan\r'),(122,'Mosotho\r'),(123,'Motswana\r'),(124,'Mozambican\r'),(125,'Namibian\r'),(126,'Nauruan\r'),(127,'Nepalese\r'),(128,'New Zealander\r'),(129,'Nicaraguan\r'),(130,'Nigerian\r'),(131,'Nigerien\r'),(132,'North Korean\r'),(133,'Northern Irish\r'),(134,'Norwegian\r'),(135,'Omani\r'),(136,'Pakistani\r'),(137,'Palauan\r'),(138,'Panamanian\r'),(139,'Papua New Guinean\r'),(140,'Paraguayan\r'),(141,'Peruvian\r'),(142,'Polish\r'),(143,'Portuguese\r'),(144,'Qatari\r'),(145,'Romanian\r'),(146,'Russian\r'),(147,'Rwandan\r'),(148,'Saint Lucian\r'),(149,'Salvadoran\r'),(150,'Samoan\r'),(151,'San Marinese\r'),(152,'Sao Tomean\r'),(153,'Saudi\r'),(154,'Scottish\r'),(155,'Senegalese\r'),(156,'Serbian\r'),(157,'Seychellois\r'),(158,'Sierra Leonean\r'),(159,'Singaporean\r'),(160,'Slovakian\r'),(161,'Slovenian\r'),(162,'Solomon Islander\r'),(163,'Somali\r'),(164,'South African\r'),(165,'South Korean\r'),(166,'Spanish\r'),(167,'Sri Lankan\r'),(168,'Sudanese\r'),(169,'Surinamer\r'),(170,'Swazi\r'),(171,'Swedish\r'),(172,'Swiss\r'),(173,'Syrian\r'),(174,'Taiwanese\r'),(175,'Tajik\r'),(176,'Tanzanian\r'),(177,'Thai\r'),(178,'Togolese\r'),(179,'Tongan\r'),(180,'Trinidadian or Tobagonian\r'),(181,'Tunisian\r'),(182,'Turkish\r'),(183,'Tuvaluan\r'),(184,'Ugandan\r'),(185,'Ukrainian\r'),(186,'Uruguayan\r'),(187,'Uzbekistani\r'),(188,'Venezuelan\r'),(189,'Vietnamese\r'),(190,'Welsh\r'),(191,'Yemenite\r'),(192,'Zambian\r'),(193,'Zimbabwean\r');

/*Table structure for table `notifications` */

DROP TABLE IF EXISTS `notifications`;

CREATE TABLE `notifications` (
  `id` int(11) NOT NULL AUTO_INCREMENT,
  `user_id` int(11) DEFAULT NULL,
  `from_id` int(11) DEFAULT NULL,
  `post_comment_id` int(11) DEFAULT NULL,
  `type` char(1) DEFAULT NULL,
  `details` text,
  `view_flag` char(1) DEFAULT 'N',
  `date_notified` datetime DEFAULT NULL,
  PRIMARY KEY (`id`)
) ENGINE=InnoDB AUTO_INCREMENT=159 DEFAULT CHARSET=latin1;

/*Data for the table `notifications` */

insert  into `notifications`(`id`,`user_id`,`from_id`,`post_comment_id`,`type`,`details`,`view_flag`,`date_notified`) values (156,31,41,7,'M','Novie Paquibot wants to join the your meetups (Need comforter) ','Y','2016-01-29 21:31:54'),(157,41,31,10,'M','Mark Sibi wants to join the your meetups (hello) ','Y','2016-01-29 22:38:53'),(158,31,41,7,'M','Novie Paquibot commented to your meetups (Need comforter) ','Y','2016-01-30 00:24:58');

/*Table structure for table `preferred_nationalities` */

DROP TABLE IF EXISTS `preferred_nationalities`;

CREATE TABLE `preferred_nationalities` (
  `id` int(11) NOT NULL AUTO_INCREMENT,
  `meetup_id` int(11) DEFAULT NULL,
  `natio_id` int(11) DEFAULT NULL,
  `natio_type` char(1) DEFAULT NULL COMMENT 'preferred nationality in meetup or preferred nationality by users',
  PRIMARY KEY (`id`),
  KEY `post_id` (`meetup_id`),
  KEY `pref_nationality` (`natio_id`)
) ENGINE=InnoDB DEFAULT CHARSET=latin1;

/*Data for the table `preferred_nationalities` */

/*Table structure for table `user_logs` */

DROP TABLE IF EXISTS `user_logs`;

CREATE TABLE `user_logs` (
  `id` int(11) NOT NULL AUTO_INCREMENT,
  `user_id` int(11) DEFAULT NULL,
  `login_date` datetime DEFAULT NULL,
  `logout_date` datetime DEFAULT NULL,
  PRIMARY KEY (`id`)
) ENGINE=InnoDB AUTO_INCREMENT=1188 DEFAULT CHARSET=latin1;

/*Data for the table `user_logs` */

insert  into `user_logs`(`id`,`user_id`,`login_date`,`logout_date`) values (162,31,'2015-12-11 20:53:11','2015-12-20 12:12:30'),(164,31,'2015-12-11 21:02:36','2015-12-20 12:12:30'),(165,31,'2015-12-11 21:08:02','2015-12-20 12:12:30'),(166,31,'2015-12-11 21:40:28','2015-12-20 12:12:30'),(167,31,'2015-12-11 22:07:21','2015-12-20 12:12:30'),(168,31,'2015-12-11 22:10:05','2015-12-20 12:12:30'),(169,31,'2015-12-11 22:12:31','2015-12-20 12:12:30'),(170,31,'2015-12-11 22:19:20','2015-12-20 12:12:30'),(171,31,'2015-12-11 22:53:34','2015-12-20 12:12:30'),(172,31,'2015-12-11 22:56:57','2015-12-20 12:12:30'),(173,31,'2015-12-11 23:20:27','2015-12-20 12:12:30'),(174,31,'2015-12-12 00:05:47','2015-12-20 12:12:30'),(175,31,'2015-12-12 00:19:46','2015-12-20 12:12:30'),(176,31,'2015-12-12 00:21:53','2015-12-20 12:12:30'),(177,31,'2015-12-12 00:32:09','2015-12-20 12:12:30'),(178,31,'2015-12-12 00:52:48','2015-12-20 12:12:30'),(179,31,'2015-12-12 23:57:42','2015-12-20 12:12:30'),(180,31,'2015-12-12 23:59:24','2015-12-20 12:12:30'),(181,31,'2015-12-13 00:02:08','2015-12-20 12:12:30'),(182,31,'2015-12-13 00:52:09','2015-12-20 12:12:30'),(183,31,'2015-12-13 01:06:53','2015-12-20 12:12:30'),(184,31,'2015-12-13 01:14:13','2015-12-20 12:12:30'),(185,31,'2015-12-13 01:16:39','2015-12-20 12:12:30'),(186,31,'2015-12-13 01:26:40','2015-12-20 12:12:30'),(187,31,'2015-12-13 01:33:57','2015-12-20 12:12:30'),(188,31,'2015-12-13 01:36:03','2015-12-20 12:12:30'),(189,31,'2015-12-13 01:41:02','2015-12-20 12:12:30'),(190,31,'2015-12-13 01:52:35','2015-12-20 12:12:30'),(191,31,'2015-12-13 01:53:55','2015-12-20 12:12:30'),(192,31,'2015-12-13 01:57:02','2015-12-20 12:12:30'),(193,31,'2015-12-13 01:59:29','2015-12-20 12:12:30'),(194,31,'2015-12-13 10:19:04','2015-12-20 12:12:30'),(195,31,'2015-12-13 10:32:29','2015-12-20 12:12:30'),(196,31,'2015-12-13 11:16:26','2015-12-20 12:12:30'),(197,31,'2015-12-13 11:22:24','2015-12-20 12:12:30'),(198,31,'2015-12-13 11:23:44','2015-12-20 12:12:30'),(199,31,'2015-12-13 11:27:32','2015-12-20 12:12:30'),(200,31,'2015-12-13 14:33:22','2015-12-20 12:12:30'),(201,31,'2015-12-13 14:34:29','2015-12-20 12:12:30'),(202,31,'2015-12-15 06:58:08','2015-12-20 12:12:30'),(203,31,'2015-12-15 06:58:42','2015-12-20 12:12:30'),(204,33,'2015-12-15 07:06:26',NULL),(205,33,'2015-12-15 07:07:05',NULL),(206,33,'2015-12-15 07:07:16',NULL),(207,33,'2015-12-15 07:07:42',NULL),(208,31,'2015-12-15 23:30:56','2015-12-20 12:12:30'),(209,31,'2015-12-15 23:48:18','2015-12-20 12:12:30'),(210,31,'2015-12-15 23:52:44','2015-12-20 12:12:30'),(211,31,'2015-12-15 23:55:09','2015-12-20 12:12:30'),(212,31,'2015-12-16 22:30:31','2015-12-20 12:12:30'),(213,31,'2015-12-16 22:31:30','2015-12-20 12:12:30'),(214,31,'2015-12-16 22:35:27','2015-12-20 12:12:30'),(215,31,'2015-12-16 22:52:37','2015-12-20 12:12:30'),(216,31,'2015-12-16 22:52:49','2015-12-20 12:12:30'),(217,31,'2015-12-17 00:07:27','2015-12-20 12:12:30'),(218,31,'2015-12-17 00:17:19','2015-12-20 12:12:30'),(219,31,'2015-12-17 00:19:36','2015-12-20 12:12:30'),(220,31,'2015-12-17 00:27:55','2015-12-20 12:12:30'),(221,31,'2015-12-17 00:37:37','2015-12-20 12:12:30'),(222,31,'2015-12-17 00:42:05','2015-12-20 12:12:30'),(223,31,'2015-12-17 00:47:54','2015-12-20 12:12:30'),(224,31,'2015-12-17 00:53:51','2015-12-20 12:12:30'),(225,31,'2015-12-17 00:59:32','2015-12-20 12:12:30'),(226,31,'2015-12-17 01:07:00','2015-12-20 12:12:30'),(227,31,'2015-12-17 01:11:32','2015-12-20 12:12:30'),(228,31,'2015-12-17 01:13:13','2015-12-20 12:12:30'),(229,31,'2015-12-17 01:17:42','2015-12-20 12:12:30'),(230,31,'2015-12-17 01:19:24','2015-12-20 12:12:30'),(231,31,'2015-12-17 01:21:21','2015-12-20 12:12:30'),(232,31,'2015-12-17 01:21:52','2015-12-20 12:12:30'),(233,31,'2015-12-17 23:28:21','2015-12-20 12:12:30'),(234,31,'2015-12-17 23:31:04','2015-12-20 12:12:30'),(235,31,'2015-12-17 23:38:00','2015-12-20 12:12:30'),(236,31,'2015-12-17 23:39:55','2015-12-20 12:12:30'),(237,31,'2015-12-17 23:46:34','2015-12-20 12:12:30'),(238,31,'2015-12-17 23:52:03','2015-12-20 12:12:30'),(239,31,'2015-12-17 23:57:37','2015-12-20 12:12:30'),(240,31,'2015-12-18 00:30:26','2015-12-20 12:12:30'),(241,31,'2015-12-18 00:39:46','2015-12-20 12:12:30'),(242,31,'2015-12-18 00:46:29','2015-12-20 12:12:30'),(243,31,'2015-12-18 21:32:36','2015-12-20 12:12:30'),(244,31,'2015-12-18 21:33:09','2015-12-20 12:12:30'),(245,31,'2015-12-18 21:34:18','2015-12-20 12:12:30'),(246,31,'2015-12-18 21:47:31','2015-12-20 12:12:30'),(247,31,'2015-12-18 21:55:21','2015-12-20 12:12:30'),(248,31,'2015-12-18 22:12:40','2015-12-20 12:12:30'),(249,31,'2015-12-18 22:16:34','2015-12-20 12:12:30'),(250,31,'2015-12-18 22:28:20','2015-12-20 12:12:30'),(251,31,'2015-12-18 22:46:10','2015-12-20 12:12:30'),(252,34,'2015-12-18 22:51:32','2015-12-20 13:29:37'),(253,34,'2015-12-18 22:56:23','2015-12-20 13:29:37'),(254,34,'2015-12-18 23:00:00','2015-12-20 13:29:37'),(255,34,'2015-12-18 23:05:09','2015-12-20 13:29:37'),(256,35,'2015-12-18 23:07:05',NULL),(257,34,'2015-12-18 23:16:44','2015-12-20 13:29:37'),(258,34,'2015-12-18 23:18:47','2015-12-20 13:29:37'),(259,31,'2015-12-18 23:20:50','2015-12-20 12:12:30'),(260,31,'2015-12-18 23:23:24','2015-12-20 12:12:30'),(261,34,'2015-12-18 23:34:52','2015-12-20 13:29:37'),(262,31,'2015-12-18 23:45:47','2015-12-20 12:12:30'),(263,31,'2015-12-18 23:53:14','2015-12-20 12:12:30'),(264,34,'2015-12-18 23:54:07','2015-12-20 13:29:37'),(265,34,'2015-12-18 23:58:13','2015-12-20 13:29:37'),(266,31,'2015-12-18 23:59:29','2015-12-20 12:12:30'),(267,31,'2015-12-19 00:01:25','2015-12-20 12:12:30'),(268,34,'2015-12-19 00:07:26','2015-12-20 13:29:37'),(269,34,'2015-12-19 00:13:34','2015-12-20 13:29:37'),(270,34,'2015-12-19 00:18:29','2015-12-20 13:29:37'),(271,34,'2015-12-19 00:21:44','2015-12-20 13:29:37'),(272,34,'2015-12-19 00:26:21','2015-12-20 13:29:37'),(273,34,'2015-12-19 00:28:44','2015-12-20 13:29:37'),(274,31,'2015-12-19 00:41:07','2015-12-20 12:12:30'),(275,34,'2015-12-19 00:52:48','2015-12-20 13:29:37'),(276,40,'2015-12-19 00:59:17',NULL),(277,34,'2015-12-19 01:15:07','2015-12-20 13:29:37'),(278,34,'2015-12-19 01:15:11','2015-12-20 13:29:37'),(279,34,'2015-12-19 01:15:17','2015-12-20 13:29:37'),(280,34,'2015-12-19 01:17:19','2015-12-20 13:29:37'),(281,34,'2015-12-19 01:17:35','2015-12-20 13:29:37'),(282,34,'2015-12-19 01:18:17','2015-12-20 13:29:37'),(283,34,'2015-12-19 01:32:12','2015-12-20 13:29:37'),(284,34,'2015-12-19 01:34:40','2015-12-20 13:29:37'),(285,34,'2015-12-19 07:49:03','2015-12-20 13:29:37'),(286,34,'2015-12-19 14:43:19','2015-12-20 13:29:37'),(287,34,'2015-12-19 14:47:44','2015-12-20 13:29:37'),(288,34,'2015-12-19 15:07:38','2015-12-20 13:29:37'),(289,34,'2015-12-19 15:08:33','2015-12-20 13:29:37'),(290,34,'2015-12-19 15:10:20','2015-12-20 13:29:37'),(291,34,'2015-12-19 15:11:42','2015-12-20 13:29:37'),(292,34,'2015-12-19 15:13:44','2015-12-20 13:29:37'),(293,34,'2015-12-19 15:17:10','2015-12-20 13:29:37'),(294,34,'2015-12-19 15:25:34','2015-12-20 13:29:37'),(295,34,'2015-12-19 15:25:54','2015-12-20 13:29:37'),(296,34,'2015-12-19 15:29:30','2015-12-20 13:29:37'),(297,34,'2015-12-19 15:40:02','2015-12-20 13:29:37'),(298,34,'2015-12-19 15:40:25','2015-12-20 13:29:37'),(299,34,'2015-12-19 15:43:44','2015-12-20 13:29:37'),(300,34,'2015-12-19 15:45:30','2015-12-20 13:29:37'),(301,34,'2015-12-19 15:50:04','2015-12-20 13:29:37'),(302,34,'2015-12-19 15:51:56','2015-12-20 13:29:37'),(303,34,'2015-12-19 15:57:52','2015-12-20 13:29:37'),(304,34,'2015-12-19 16:02:06','2015-12-20 13:29:37'),(305,34,'2015-12-19 16:14:23','2015-12-20 13:29:37'),(306,34,'2015-12-19 16:15:07','2015-12-20 13:29:37'),(307,34,'2015-12-19 16:17:29','2015-12-20 13:29:37'),(308,34,'2015-12-19 16:19:12','2015-12-20 13:29:37'),(309,34,'2015-12-19 16:21:11','2015-12-20 13:29:37'),(310,34,'2015-12-19 16:24:11','2015-12-20 13:29:37'),(311,34,'2015-12-19 16:25:14','2015-12-20 13:29:37'),(312,34,'2015-12-19 16:31:00','2015-12-20 13:29:37'),(313,34,'2015-12-19 16:31:43','2015-12-20 13:29:37'),(314,34,'2015-12-19 16:39:25','2015-12-20 13:29:37'),(315,34,'2015-12-19 16:39:37','2015-12-20 13:29:37'),(316,34,'2015-12-19 16:40:26','2015-12-20 13:29:37'),(317,34,'2015-12-19 16:40:46','2015-12-20 13:29:37'),(318,34,'2015-12-19 17:33:18','2015-12-20 13:29:37'),(319,34,'2015-12-19 17:44:12','2015-12-20 13:29:37'),(320,34,'2015-12-19 17:52:05','2015-12-20 13:29:37'),(321,34,'2015-12-19 17:52:09','2015-12-20 13:29:37'),(322,34,'2015-12-19 17:52:13','2015-12-20 13:29:37'),(323,34,'2015-12-19 18:38:01','2015-12-20 13:29:37'),(324,34,'2015-12-19 18:44:43','2015-12-20 13:29:37'),(325,34,'2015-12-19 18:50:49','2015-12-20 13:29:37'),(326,34,'2015-12-19 18:57:24','2015-12-20 13:29:37'),(327,34,'2015-12-19 18:59:41','2015-12-20 13:29:37'),(328,34,'2015-12-19 19:01:35','2015-12-20 13:29:37'),(329,34,'2015-12-19 19:07:19','2015-12-20 13:29:37'),(330,34,'2015-12-19 19:31:39','2015-12-20 13:29:37'),(331,34,'2015-12-19 19:38:35','2015-12-20 13:29:37'),(332,34,'2015-12-19 19:39:16','2015-12-20 13:29:37'),(333,34,'2015-12-19 19:50:10','2015-12-20 13:29:37'),(334,34,'2015-12-19 20:13:04','2015-12-20 13:29:37'),(335,34,'2015-12-19 20:16:02','2015-12-20 13:29:37'),(336,34,'2015-12-19 20:16:25','2015-12-20 13:29:37'),(337,34,'2015-12-19 20:20:18','2015-12-20 13:29:37'),(338,34,'2015-12-19 20:25:22','2015-12-20 13:29:37'),(339,34,'2015-12-19 20:25:53','2015-12-20 13:29:37'),(340,34,'2015-12-19 20:36:27','2015-12-20 13:29:37'),(341,34,'2015-12-19 20:36:40','2015-12-20 13:29:37'),(342,34,'2015-12-19 20:39:48','2015-12-20 13:29:37'),(343,34,'2015-12-19 20:44:22','2015-12-20 13:29:37'),(344,34,'2015-12-19 20:45:52','2015-12-20 13:29:37'),(345,34,'2015-12-19 20:48:36','2015-12-20 13:29:37'),(346,34,'2015-12-19 21:00:11','2015-12-20 13:29:37'),(347,34,'2015-12-19 21:04:17','2015-12-20 13:29:37'),(348,34,'2015-12-19 21:09:48','2015-12-20 13:29:37'),(349,34,'2015-12-19 21:20:02','2015-12-20 13:29:37'),(350,41,'2015-12-19 21:28:04','2016-01-29 12:47:24'),(351,34,'2015-12-19 21:39:35','2015-12-20 13:29:37'),(352,34,'2015-12-19 21:40:14','2015-12-20 13:29:37'),(353,34,'2015-12-19 21:41:25','2015-12-20 13:29:37'),(354,34,'2015-12-19 22:38:56','2015-12-20 13:29:37'),(355,34,'2015-12-19 22:40:05','2015-12-20 13:29:37'),(356,34,'2015-12-19 22:41:30','2015-12-20 13:29:37'),(357,31,'2015-12-19 23:13:49','2015-12-20 12:12:30'),(358,42,'2015-12-19 23:15:06',NULL),(359,34,'2015-12-19 23:35:16','2015-12-20 13:29:37'),(360,34,'2015-12-20 00:26:56','2015-12-20 13:29:37'),(361,34,'2015-12-20 00:28:51','2015-12-20 13:29:37'),(362,34,'2015-12-20 11:37:12','2015-12-20 13:29:37'),(363,34,'2015-12-20 11:52:22','2015-12-20 13:29:37'),(364,34,'2015-12-20 12:04:21','2015-12-20 13:29:37'),(365,34,'2015-12-20 12:05:55','2015-12-20 13:29:37'),(366,34,'2015-12-20 12:08:34','2015-12-20 13:29:37'),(367,34,'2015-12-20 12:10:29','2015-12-20 13:29:37'),(368,34,'2015-12-20 12:13:02','2015-12-20 13:29:37'),(369,34,'2015-12-20 12:16:24','2015-12-20 13:29:37'),(370,34,'2015-12-20 12:54:55','2015-12-20 13:29:37'),(371,34,'2015-12-20 13:06:24','2015-12-20 13:29:37'),(372,34,'2015-12-20 13:13:35','2015-12-20 13:29:37'),(373,34,'2015-12-20 13:21:34','2015-12-20 13:29:37'),(374,34,'2015-12-20 13:28:54','2015-12-20 13:29:37'),(375,34,'2015-12-20 13:29:53','2015-12-20 13:36:28'),(376,34,'2015-12-20 13:35:13','2015-12-20 13:36:28'),(377,31,'2015-12-20 13:36:42','2015-12-21 00:10:30'),(378,34,'2015-12-20 13:44:55','2015-12-20 13:46:10'),(379,34,'2015-12-20 13:46:40','2015-12-20 13:47:12'),(380,34,'2015-12-20 14:36:18','2015-12-20 14:36:42'),(381,34,'2015-12-20 14:37:10','2015-12-20 14:37:12'),(382,34,'2015-12-20 14:37:26','2015-12-20 14:37:41'),(383,34,'2015-12-20 14:38:35','2015-12-20 14:38:38'),(384,34,'2015-12-20 14:38:39','2015-12-20 14:38:49'),(385,34,'2015-12-20 14:38:50','2015-12-20 14:38:53'),(386,34,'2015-12-20 14:38:55','2015-12-20 14:39:08'),(387,34,'2015-12-20 14:39:11','2015-12-20 14:39:13'),(388,34,'2015-12-20 14:39:17','2015-12-20 23:27:53'),(389,34,'2015-12-20 15:57:27','2015-12-20 23:27:53'),(390,34,'2015-12-20 23:06:05','2015-12-20 23:27:53'),(391,34,'2015-12-20 23:17:11','2015-12-20 23:27:53'),(392,34,'2015-12-20 23:27:27','2015-12-20 23:27:53'),(393,34,'2015-12-20 23:35:12','2015-12-20 23:35:18'),(394,34,'2015-12-20 23:35:20','2015-12-20 23:35:34'),(395,34,'2015-12-20 23:35:59','2015-12-20 23:40:12'),(396,34,'2015-12-20 23:39:54','2015-12-20 23:40:12'),(397,34,'2015-12-20 23:40:14','2015-12-20 23:41:08'),(398,34,'2015-12-20 23:41:30','2015-12-20 23:44:53'),(399,34,'2015-12-20 23:44:48','2015-12-20 23:44:53'),(400,34,'2015-12-20 23:44:55','2015-12-20 23:52:53'),(401,34,'2015-12-20 23:52:18','2015-12-20 23:52:53'),(402,34,'2015-12-20 23:55:11','2015-12-20 23:56:18'),(403,34,'2015-12-20 23:55:27','2015-12-20 23:56:18'),(404,34,'2015-12-20 23:57:38','2015-12-21 00:04:45'),(405,34,'2015-12-21 00:04:41','2015-12-21 00:04:45'),(406,34,'2015-12-21 00:04:56','2015-12-21 00:05:27'),(407,31,'2015-12-21 00:10:01','2015-12-21 00:10:30'),(408,31,'2015-12-21 00:11:48','2015-12-21 00:12:30'),(409,31,'2015-12-21 00:13:05','2015-12-24 19:08:32'),(410,34,'2015-12-21 00:14:56','2015-12-21 00:15:41'),(411,34,'2015-12-21 00:15:29','2015-12-21 00:15:41'),(412,34,'2015-12-21 00:21:48','2015-12-21 00:24:36'),(413,34,'2015-12-21 00:24:16','2015-12-21 00:24:36'),(414,34,'2015-12-21 00:26:14','2015-12-21 00:26:30'),(415,34,'2015-12-21 00:37:42','2015-12-21 00:38:38'),(416,34,'2015-12-21 00:38:24','2015-12-21 00:38:38'),(417,34,'2015-12-21 00:40:14','2015-12-21 00:57:05'),(418,34,'2015-12-21 01:37:19','2015-12-21 01:41:24'),(419,34,'2015-12-21 01:40:48','2015-12-21 01:41:24'),(420,34,'2015-12-21 01:41:29','2015-12-21 01:42:39'),(421,34,'2015-12-21 01:42:44','2015-12-21 02:10:06'),(422,34,'2015-12-21 02:06:17','2015-12-21 02:10:06'),(423,34,'2015-12-21 02:07:34','2015-12-21 02:10:06'),(424,34,'2015-12-21 02:10:13','2015-12-21 02:54:31'),(425,34,'2015-12-21 02:16:12','2015-12-21 02:54:31'),(426,34,'2015-12-21 02:19:34','2015-12-21 02:54:31'),(427,34,'2015-12-21 02:21:49','2015-12-21 02:54:31'),(428,34,'2015-12-21 02:27:58','2015-12-21 02:54:31'),(429,34,'2015-12-21 02:29:42','2015-12-21 02:54:31'),(430,34,'2015-12-21 02:35:02','2015-12-21 02:54:31'),(431,34,'2015-12-21 02:40:09','2015-12-21 02:54:31'),(432,34,'2015-12-21 02:52:49','2015-12-21 02:54:31'),(433,34,'2015-12-21 02:54:04','2015-12-21 02:54:31'),(434,34,'2015-12-24 15:55:17','2015-12-24 17:03:25'),(435,34,'2015-12-24 16:22:05','2015-12-24 17:03:25'),(436,34,'2015-12-24 16:29:45','2015-12-24 17:03:25'),(437,34,'2015-12-24 16:46:05','2015-12-24 17:03:25'),(438,34,'2015-12-24 17:07:11','2015-12-24 17:08:30'),(439,34,'2015-12-24 17:08:32','2015-12-24 18:34:51'),(440,34,'2015-12-24 18:33:57','2015-12-24 18:34:51'),(441,31,'2015-12-24 18:34:59','2015-12-24 19:08:32'),(442,34,'2015-12-24 19:20:13','2015-12-24 19:20:16'),(443,34,'2015-12-24 19:20:17','2015-12-26 20:49:30'),(444,34,'2015-12-25 18:40:48','2015-12-26 20:49:30'),(445,44,'2015-12-25 18:48:24',NULL),(446,44,'2015-12-26 20:48:18',NULL),(447,34,'2015-12-26 20:49:00','2015-12-26 20:49:30'),(448,34,'2015-12-26 20:49:31','2015-12-26 20:49:37'),(449,34,'2015-12-26 20:49:42','2015-12-26 21:04:14'),(450,34,'2015-12-26 21:04:09','2015-12-26 21:04:14'),(451,34,'2015-12-26 21:33:04','2015-12-26 23:30:00'),(452,34,'2015-12-26 22:11:51','2015-12-26 23:30:00'),(453,34,'2015-12-26 22:14:55','2015-12-26 23:30:00'),(454,34,'2015-12-26 22:18:09','2015-12-26 23:30:00'),(455,34,'2015-12-26 22:24:33','2015-12-26 23:30:00'),(456,34,'2015-12-26 22:31:07','2015-12-26 23:30:00'),(457,34,'2015-12-26 22:32:04','2015-12-26 23:30:00'),(458,34,'2015-12-26 23:29:02','2015-12-26 23:30:00'),(459,34,'2015-12-27 00:08:31','2015-12-27 00:49:42'),(460,34,'2015-12-27 00:13:16','2015-12-27 00:49:42'),(461,34,'2015-12-27 00:22:56','2015-12-27 00:49:42'),(462,34,'2015-12-27 00:26:40','2015-12-27 00:49:42'),(463,34,'2015-12-27 00:30:57','2015-12-27 00:49:42'),(464,34,'2015-12-27 00:34:10','2015-12-27 00:49:42'),(465,34,'2015-12-27 00:41:21','2015-12-27 00:49:42'),(466,34,'2015-12-27 00:51:39','2015-12-27 00:54:53'),(467,34,'2015-12-27 00:54:51','2015-12-27 00:54:53'),(468,34,'2015-12-27 00:54:55','2015-12-27 00:56:14'),(469,34,'2015-12-27 00:56:04','2015-12-27 00:56:14'),(470,34,'2015-12-27 00:56:16','2015-12-27 11:23:16'),(471,34,'2015-12-27 00:59:25','2015-12-27 11:23:16'),(472,34,'2015-12-27 10:57:45','2015-12-27 11:23:16'),(473,34,'2015-12-27 11:22:56','2015-12-27 11:23:16'),(474,34,'2015-12-27 11:27:47','2015-12-27 11:31:33'),(475,34,'2015-12-27 11:31:20','2015-12-27 11:31:33'),(476,34,'2015-12-27 11:34:14','2015-12-30 16:21:48'),(477,34,'2015-12-27 12:47:39','2015-12-30 16:21:48'),(478,34,'2015-12-27 13:08:37','2015-12-30 16:21:48'),(479,34,'2015-12-30 12:51:18','2015-12-30 16:21:48'),(480,34,'2015-12-30 13:40:53','2015-12-30 16:21:48'),(481,34,'2015-12-30 13:46:11','2015-12-30 16:21:48'),(482,34,'2015-12-30 13:49:31','2015-12-30 16:21:48'),(483,34,'2015-12-30 13:51:28','2015-12-30 16:21:48'),(484,34,'2015-12-30 14:17:39','2015-12-30 16:21:48'),(485,34,'2015-12-30 14:18:50','2015-12-30 16:21:48'),(486,34,'2015-12-30 14:20:43','2015-12-30 16:21:48'),(487,34,'2015-12-30 14:23:28','2015-12-30 16:21:48'),(488,34,'2015-12-30 14:26:09','2015-12-30 16:21:48'),(489,34,'2015-12-30 14:36:16','2015-12-30 16:21:48'),(490,34,'2015-12-30 14:36:40','2015-12-30 16:21:48'),(491,34,'2015-12-30 14:38:32','2015-12-30 16:21:48'),(492,34,'2015-12-30 14:41:42','2015-12-30 16:21:48'),(493,34,'2015-12-30 14:42:08','2015-12-30 16:21:48'),(494,34,'2015-12-30 14:44:54','2015-12-30 16:21:48'),(495,34,'2015-12-30 14:47:50','2015-12-30 16:21:48'),(496,34,'2015-12-30 14:52:07','2015-12-30 16:21:48'),(497,34,'2015-12-30 14:56:13','2015-12-30 16:21:48'),(498,34,'2015-12-30 15:09:16','2015-12-30 16:21:48'),(499,34,'2015-12-30 15:17:34','2015-12-30 16:21:48'),(500,34,'2015-12-30 15:19:15','2015-12-30 16:21:48'),(501,34,'2015-12-30 15:21:22','2015-12-30 16:21:48'),(502,34,'2015-12-30 15:22:38','2015-12-30 16:21:48'),(503,34,'2015-12-30 15:30:28','2015-12-30 16:21:48'),(504,34,'2015-12-30 15:31:12','2015-12-30 16:21:48'),(505,34,'2015-12-30 15:32:04','2015-12-30 16:21:48'),(506,34,'2015-12-30 15:37:15','2015-12-30 16:21:48'),(507,34,'2015-12-30 15:40:57','2015-12-30 16:21:48'),(508,34,'2015-12-30 15:45:49','2015-12-30 16:21:48'),(509,34,'2015-12-30 15:50:53','2015-12-30 16:21:48'),(510,34,'2015-12-30 15:53:32','2015-12-30 16:21:48'),(511,34,'2015-12-30 15:56:52','2015-12-30 16:21:48'),(512,34,'2015-12-30 16:01:31','2015-12-30 16:21:48'),(513,34,'2015-12-30 16:03:30','2015-12-30 16:21:48'),(514,34,'2015-12-30 16:12:33','2015-12-30 16:21:48'),(515,34,'2015-12-30 16:21:50','2015-12-30 17:22:45'),(516,45,'2015-12-30 16:44:09',NULL),(517,34,'2015-12-30 16:46:32','2015-12-30 17:22:45'),(518,34,'2015-12-30 16:56:19','2015-12-30 17:22:45'),(519,34,'2015-12-30 17:19:11','2015-12-30 17:22:45'),(520,34,'2015-12-30 17:22:14','2015-12-30 17:22:45'),(521,34,'2015-12-30 17:22:37','2015-12-30 17:22:45'),(522,31,'2015-12-30 17:23:09','2015-12-30 17:23:17'),(523,34,'2015-12-30 17:23:18','2015-12-30 18:43:08'),(524,34,'2015-12-30 17:26:28','2015-12-30 18:43:08'),(525,34,'2015-12-30 17:30:04','2015-12-30 18:43:08'),(526,34,'2015-12-30 17:51:31','2015-12-30 18:43:08'),(527,34,'2015-12-30 18:02:30','2015-12-30 18:43:08'),(528,34,'2015-12-30 18:02:59','2015-12-30 18:43:08'),(529,34,'2015-12-30 18:06:09','2015-12-30 18:43:08'),(530,34,'2015-12-30 18:07:40','2015-12-30 18:43:08'),(531,34,'2015-12-30 18:08:40','2015-12-30 18:43:08'),(532,34,'2015-12-30 18:10:57','2015-12-30 18:43:08'),(533,34,'2015-12-30 18:14:22','2015-12-30 18:43:08'),(534,34,'2015-12-30 18:17:02','2015-12-30 18:43:08'),(535,34,'2015-12-30 18:20:55','2015-12-30 18:43:08'),(536,34,'2015-12-30 18:29:27','2015-12-30 18:43:08'),(537,34,'2015-12-30 18:31:34','2015-12-30 18:43:08'),(538,34,'2015-12-30 18:35:19','2015-12-30 18:43:08'),(539,34,'2015-12-30 18:41:54','2015-12-30 18:43:08'),(540,34,'2015-12-30 18:43:05','2015-12-30 18:43:08'),(541,34,'2015-12-30 18:43:10','2015-12-30 18:43:11'),(542,34,'2015-12-30 18:43:13','2015-12-30 19:02:48'),(543,34,'2015-12-30 18:43:44','2015-12-30 19:02:48'),(544,34,'2015-12-30 19:03:18','2015-12-30 22:22:01'),(545,34,'2015-12-30 22:13:15','2015-12-30 22:22:01'),(546,34,'2015-12-30 22:17:53','2015-12-30 22:22:01'),(547,34,'2015-12-30 22:21:38','2015-12-30 22:22:01'),(548,34,'2015-12-30 22:22:03','2016-01-02 15:15:51'),(549,34,'2015-12-30 22:24:21','2016-01-02 15:15:51'),(550,34,'2015-12-30 22:26:08','2016-01-02 15:15:51'),(551,34,'2015-12-30 22:27:42','2016-01-02 15:15:51'),(552,34,'2015-12-30 22:30:51','2016-01-02 15:15:51'),(553,34,'2015-12-30 22:38:01','2016-01-02 15:15:51'),(554,34,'2015-12-30 23:15:35','2016-01-02 15:15:51'),(555,34,'2015-12-30 23:16:47','2016-01-02 15:15:51'),(556,34,'2015-12-30 23:19:21','2016-01-02 15:15:51'),(557,34,'2015-12-30 23:21:21','2016-01-02 15:15:51'),(558,34,'2015-12-30 23:23:00','2016-01-02 15:15:51'),(559,34,'2015-12-30 23:24:25','2016-01-02 15:15:51'),(560,34,'2015-12-30 23:25:55','2016-01-02 15:15:51'),(561,34,'2015-12-30 23:25:56','2016-01-02 15:15:51'),(562,34,'2015-12-30 23:27:05','2016-01-02 15:15:51'),(563,34,'2015-12-30 23:30:50','2016-01-02 15:15:51'),(564,34,'2015-12-30 23:32:46','2016-01-02 15:15:51'),(565,34,'2015-12-30 23:34:35','2016-01-02 15:15:51'),(566,34,'2015-12-30 23:35:46','2016-01-02 15:15:51'),(567,34,'2015-12-30 23:36:36','2016-01-02 15:15:51'),(568,34,'2015-12-30 23:47:04','2016-01-02 15:15:51'),(569,34,'2015-12-30 23:47:33','2016-01-02 15:15:51'),(570,34,'2015-12-30 23:49:26','2016-01-02 15:15:51'),(571,34,'2015-12-30 23:50:56','2016-01-02 15:15:51'),(572,34,'2015-12-30 23:54:52','2016-01-02 15:15:51'),(573,34,'2015-12-31 00:01:29','2016-01-02 15:15:51'),(574,34,'2015-12-31 00:02:13','2016-01-02 15:15:51'),(575,34,'2015-12-31 00:02:23','2016-01-02 15:15:51'),(576,34,'2015-12-31 00:04:28','2016-01-02 15:15:51'),(577,34,'2015-12-31 00:05:15','2016-01-02 15:15:51'),(578,34,'2015-12-31 00:07:01','2016-01-02 15:15:51'),(579,34,'2015-12-31 00:09:02','2016-01-02 15:15:51'),(580,34,'2015-12-31 00:11:09','2016-01-02 15:15:51'),(581,34,'2015-12-31 00:15:24','2016-01-02 15:15:51'),(582,34,'2015-12-31 00:18:01','2016-01-02 15:15:51'),(583,34,'2015-12-31 00:20:23','2016-01-02 15:15:51'),(584,34,'2015-12-31 00:24:10','2016-01-02 15:15:51'),(585,34,'2015-12-31 00:25:37','2016-01-02 15:15:51'),(586,34,'2015-12-31 00:28:42','2016-01-02 15:15:51'),(587,34,'2015-12-31 00:30:39','2016-01-02 15:15:51'),(588,34,'2015-12-31 00:32:49','2016-01-02 15:15:51'),(589,34,'2015-12-31 00:33:49','2016-01-02 15:15:51'),(590,34,'2015-12-31 00:34:49','2016-01-02 15:15:51'),(591,34,'2015-12-31 00:38:01','2016-01-02 15:15:51'),(592,34,'2015-12-31 00:39:56','2016-01-02 15:15:51'),(593,34,'2015-12-31 00:41:14','2016-01-02 15:15:51'),(594,34,'2015-12-31 00:43:04','2016-01-02 15:15:51'),(595,34,'2015-12-31 00:43:55','2016-01-02 15:15:51'),(596,34,'2015-12-31 00:47:20','2016-01-02 15:15:51'),(597,34,'2015-12-31 00:50:13','2016-01-02 15:15:51'),(598,34,'2015-12-31 00:53:53','2016-01-02 15:15:51'),(599,34,'2015-12-31 00:54:13','2016-01-02 15:15:51'),(600,34,'2015-12-31 00:57:39','2016-01-02 15:15:51'),(601,34,'2015-12-31 01:04:22','2016-01-02 15:15:51'),(602,34,'2015-12-31 01:06:44','2016-01-02 15:15:51'),(603,34,'2015-12-31 01:08:25','2016-01-02 15:15:51'),(604,34,'2015-12-31 01:27:08','2016-01-02 15:15:51'),(605,34,'2015-12-31 01:31:38','2016-01-02 15:15:51'),(606,34,'2015-12-31 01:31:53','2016-01-02 15:15:51'),(607,34,'2015-12-31 01:33:43','2016-01-02 15:15:51'),(608,34,'2015-12-31 01:41:25','2016-01-02 15:15:51'),(609,34,'2015-12-31 01:42:51','2016-01-02 15:15:51'),(610,34,'2015-12-31 01:51:39','2016-01-02 15:15:51'),(611,34,'2016-01-02 15:13:56','2016-01-02 15:15:51'),(612,34,'2016-01-02 15:15:54','2016-01-02 18:27:35'),(613,34,'2016-01-02 15:21:29','2016-01-02 18:27:35'),(614,34,'2016-01-02 15:59:34','2016-01-02 18:27:35'),(615,34,'2016-01-02 16:00:36','2016-01-02 18:27:35'),(616,34,'2016-01-02 16:15:05','2016-01-02 18:27:35'),(617,34,'2016-01-02 16:15:20','2016-01-02 18:27:35'),(618,34,'2016-01-02 16:17:29','2016-01-02 18:27:35'),(619,34,'2016-01-02 16:23:41','2016-01-02 18:27:35'),(620,34,'2016-01-02 16:25:38','2016-01-02 18:27:35'),(621,34,'2016-01-02 16:35:01','2016-01-02 18:27:35'),(622,34,'2016-01-02 16:37:07','2016-01-02 18:27:35'),(623,34,'2016-01-02 16:38:04','2016-01-02 18:27:35'),(624,34,'2016-01-02 17:35:14','2016-01-02 18:27:35'),(625,34,'2016-01-02 17:36:20','2016-01-02 18:27:35'),(626,34,'2016-01-02 18:04:21','2016-01-02 18:27:35'),(627,34,'2016-01-02 18:07:35','2016-01-02 18:27:35'),(628,34,'2016-01-02 18:13:49','2016-01-02 18:27:35'),(629,34,'2016-01-02 18:23:05','2016-01-02 18:27:35'),(630,34,'2016-01-02 18:27:38','2016-01-02 18:27:41'),(631,34,'2016-01-02 18:28:33','2016-01-02 18:43:13'),(632,34,'2016-01-02 18:30:36','2016-01-02 18:43:13'),(633,34,'2016-01-02 18:43:32','2016-01-02 18:52:05'),(634,34,'2016-01-02 18:53:22','2016-01-02 18:55:39'),(635,34,'2016-01-02 18:54:24','2016-01-02 18:55:39'),(636,31,'2016-01-02 18:55:49','2016-01-02 18:56:47'),(637,34,'2016-01-02 18:56:59','2016-01-02 18:57:01'),(638,34,'2016-01-02 18:57:26','2016-01-02 18:58:18'),(639,34,'2016-01-02 18:58:27','2016-01-02 22:15:40'),(640,34,'2016-01-02 18:59:06','2016-01-02 22:15:40'),(641,34,'2016-01-02 18:59:43','2016-01-02 22:15:40'),(642,34,'2016-01-02 19:12:06','2016-01-02 22:15:40'),(643,34,'2016-01-02 19:17:22','2016-01-02 22:15:40'),(644,34,'2016-01-02 20:24:46','2016-01-02 22:15:40'),(645,34,'2016-01-02 20:26:54','2016-01-02 22:15:40'),(646,34,'2016-01-02 20:29:42','2016-01-02 22:15:40'),(647,34,'2016-01-02 20:32:46','2016-01-02 22:15:40'),(648,34,'2016-01-02 20:47:04','2016-01-02 22:15:40'),(649,34,'2016-01-02 20:47:27','2016-01-02 22:15:40'),(650,34,'2016-01-02 21:01:08','2016-01-02 22:15:40'),(651,46,'2016-01-02 21:41:03',NULL),(652,34,'2016-01-02 21:51:51','2016-01-02 22:15:40'),(653,34,'2016-01-02 22:16:08','2016-01-02 23:06:36'),(654,34,'2016-01-02 22:42:31','2016-01-02 23:06:36'),(655,34,'2016-01-02 22:47:33','2016-01-02 23:06:36'),(656,34,'2016-01-02 23:02:56','2016-01-02 23:06:36'),(657,34,'2016-01-02 23:06:55','2016-01-02 23:34:04'),(658,34,'2016-01-02 23:08:17','2016-01-02 23:34:04'),(659,34,'2016-01-02 23:32:31','2016-01-02 23:34:04'),(660,34,'2016-01-02 23:34:29','2016-01-02 23:36:40'),(661,34,'2016-01-03 00:02:45','2016-01-03 01:43:03'),(662,34,'2016-01-03 00:36:53','2016-01-03 01:43:03'),(663,34,'2016-01-03 00:38:58','2016-01-03 01:43:03'),(664,34,'2016-01-03 00:39:32','2016-01-03 01:43:03'),(665,34,'2016-01-03 00:43:52','2016-01-03 01:43:03'),(666,34,'2016-01-03 00:44:58','2016-01-03 01:43:03'),(667,34,'2016-01-03 00:49:55','2016-01-03 01:43:03'),(668,34,'2016-01-03 00:52:47','2016-01-03 01:43:03'),(669,34,'2016-01-03 00:53:55','2016-01-03 01:43:03'),(670,34,'2016-01-03 00:57:29','2016-01-03 01:43:03'),(671,34,'2016-01-03 01:09:18','2016-01-03 01:43:03'),(672,34,'2016-01-03 01:18:49','2016-01-03 01:43:03'),(673,34,'2016-01-03 01:32:49','2016-01-03 01:43:03'),(674,34,'2016-01-03 01:37:47','2016-01-03 01:43:03'),(675,34,'2016-01-03 01:42:29','2016-01-03 01:43:03'),(676,34,'2016-01-03 01:43:06','2016-01-03 01:43:10'),(677,34,'2016-01-03 01:43:12','2016-01-03 02:17:44'),(678,34,'2016-01-03 01:51:29','2016-01-03 02:17:44'),(679,34,'2016-01-03 01:55:41','2016-01-03 02:17:44'),(680,34,'2016-01-03 02:03:08','2016-01-03 02:17:44'),(681,31,'2016-01-03 02:17:53','2016-01-10 14:11:09'),(682,34,'2016-01-03 10:10:18','2016-01-03 11:10:26'),(683,34,'2016-01-03 11:08:48','2016-01-03 11:10:26'),(684,34,'2016-01-03 11:10:22','2016-01-03 11:10:26'),(685,34,'2016-01-03 11:10:30','2016-01-03 12:20:19'),(686,34,'2016-01-03 11:38:07','2016-01-03 12:20:19'),(687,34,'2016-01-03 11:48:29','2016-01-03 12:20:19'),(688,34,'2016-01-03 11:59:18','2016-01-03 12:20:19'),(689,34,'2016-01-03 11:59:42','2016-01-03 12:20:19'),(690,34,'2016-01-03 12:04:07','2016-01-03 12:20:19'),(691,34,'2016-01-03 12:08:17','2016-01-03 12:20:19'),(692,34,'2016-01-03 12:14:07','2016-01-03 12:20:19'),(693,34,'2016-01-03 12:15:50','2016-01-03 12:20:19'),(694,34,'2016-01-03 12:20:21','2016-01-03 12:40:02'),(695,34,'2016-01-03 12:31:13','2016-01-03 12:40:02'),(696,34,'2016-01-03 12:40:05','2016-01-03 13:15:31'),(697,34,'2016-01-03 12:44:54','2016-01-03 13:15:31'),(698,34,'2016-01-03 13:08:38','2016-01-03 13:15:31'),(699,34,'2016-01-03 13:09:29','2016-01-03 13:15:31'),(700,34,'2016-01-03 13:16:12','2016-01-03 13:16:14'),(701,34,'2016-01-03 13:16:35','2016-01-03 13:17:12'),(702,34,'2016-01-03 13:17:24','2016-01-03 15:19:59'),(703,34,'2016-01-03 13:30:15','2016-01-03 15:19:59'),(704,34,'2016-01-03 13:43:56','2016-01-03 15:19:59'),(705,34,'2016-01-03 14:39:09','2016-01-03 15:19:59'),(706,34,'2016-01-03 14:53:12','2016-01-03 15:19:59'),(707,34,'2016-01-03 15:04:08','2016-01-03 15:19:59'),(708,34,'2016-01-03 15:07:35','2016-01-03 15:19:59'),(709,34,'2016-01-03 15:19:10','2016-01-03 15:19:59'),(710,34,'2016-01-03 15:26:56','2016-01-03 18:11:02'),(711,34,'2016-01-03 17:13:11','2016-01-03 18:11:02'),(712,34,'2016-01-03 17:21:13','2016-01-03 18:11:02'),(713,34,'2016-01-03 17:23:37','2016-01-03 18:11:02'),(714,34,'2016-01-03 17:35:31','2016-01-03 18:11:02'),(715,34,'2016-01-03 17:38:32','2016-01-03 18:11:02'),(716,34,'2016-01-03 17:43:33','2016-01-03 18:11:02'),(717,34,'2016-01-03 17:46:26','2016-01-03 18:11:02'),(718,34,'2016-01-03 17:47:51','2016-01-03 18:11:02'),(719,34,'2016-01-03 17:48:59','2016-01-03 18:11:02'),(720,34,'2016-01-03 17:55:07','2016-01-03 18:11:02'),(721,34,'2016-01-03 18:03:58','2016-01-03 18:11:02'),(722,34,'2016-01-03 18:08:21','2016-01-03 18:11:02'),(723,34,'2016-01-03 18:11:30','2016-01-03 19:43:40'),(724,34,'2016-01-03 18:26:32','2016-01-03 19:43:40'),(725,34,'2016-01-03 19:24:23','2016-01-03 19:43:40'),(726,34,'2016-01-03 19:44:27','2016-01-03 21:13:32'),(727,34,'2016-01-03 21:09:46','2016-01-03 21:13:32'),(728,34,'2016-01-03 21:13:33','2016-01-04 21:30:40'),(729,34,'2016-01-03 21:31:19','2016-01-04 21:30:40'),(730,34,'2016-01-03 21:31:44','2016-01-04 21:30:40'),(731,34,'2016-01-03 21:34:17','2016-01-04 21:30:40'),(732,34,'2016-01-03 21:35:08','2016-01-04 21:30:40'),(733,34,'2016-01-03 21:38:45','2016-01-04 21:30:40'),(734,34,'2016-01-03 21:41:32','2016-01-04 21:30:40'),(735,34,'2016-01-03 21:52:48','2016-01-04 21:30:40'),(736,34,'2016-01-03 22:02:51','2016-01-04 21:30:40'),(737,34,'2016-01-03 22:16:34','2016-01-04 21:30:40'),(738,34,'2016-01-03 22:37:37','2016-01-04 21:30:40'),(739,34,'2016-01-03 22:41:07','2016-01-04 21:30:40'),(740,34,'2016-01-03 23:22:49','2016-01-04 21:30:40'),(741,34,'2016-01-03 23:24:57','2016-01-04 21:30:40'),(742,34,'2016-01-03 23:47:48','2016-01-04 21:30:40'),(743,34,'2016-01-03 23:54:31','2016-01-04 21:30:40'),(744,34,'2016-01-03 23:54:54','2016-01-04 21:30:40'),(745,34,'2016-01-04 00:00:55','2016-01-04 21:30:40'),(746,34,'2016-01-04 00:06:13','2016-01-04 21:30:40'),(747,34,'2016-01-04 00:08:27','2016-01-04 21:30:40'),(748,34,'2016-01-04 00:11:45','2016-01-04 21:30:40'),(749,34,'2016-01-04 00:14:47','2016-01-04 21:30:40'),(750,34,'2016-01-04 21:28:47','2016-01-04 21:30:40'),(751,34,'2016-01-04 21:31:05','2016-01-04 21:35:28'),(752,34,'2016-01-04 21:35:39','2016-01-04 21:36:49'),(753,34,'2016-01-04 21:36:51','2016-01-04 21:36:54'),(754,34,'2016-01-04 21:37:14','2016-01-04 21:38:53'),(755,34,'2016-01-04 21:38:55','2016-01-04 21:39:03'),(756,34,'2016-01-04 21:39:28','2016-01-04 21:44:18'),(757,34,'2016-01-04 21:44:56','2016-01-05 22:40:47'),(758,34,'2016-01-04 21:49:04','2016-01-05 22:40:47'),(759,34,'2016-01-04 22:00:11','2016-01-05 22:40:47'),(760,34,'2016-01-04 22:18:28','2016-01-05 22:40:47'),(761,34,'2016-01-05 22:40:05','2016-01-05 22:40:47'),(762,34,'2016-01-05 22:41:35','2016-01-05 22:42:45'),(763,34,'2016-01-05 22:42:48','2016-01-05 22:44:56'),(764,34,'2016-01-05 22:44:59','2016-01-05 22:51:02'),(765,34,'2016-01-05 22:50:38','2016-01-05 22:51:02'),(766,34,'2016-01-05 22:51:06','2016-01-05 23:07:24'),(767,34,'2016-01-05 22:52:12','2016-01-05 23:07:24'),(768,34,'2016-01-05 23:03:00','2016-01-05 23:07:24'),(769,34,'2016-01-05 23:07:17','2016-01-05 23:07:24'),(770,47,'2016-01-05 23:11:25','2016-01-05 23:14:03'),(771,47,'2016-01-05 23:11:53','2016-01-05 23:14:03'),(772,34,'2016-01-05 23:12:47','2016-01-05 23:13:14'),(773,47,'2016-01-05 23:13:32','2016-01-05 23:14:03'),(774,47,'2016-01-05 23:14:35',NULL),(775,47,'2016-01-05 23:17:07',NULL),(776,47,'2016-01-05 23:17:08',NULL),(777,47,'2016-01-05 23:17:30',NULL),(778,47,'2016-01-05 23:17:31',NULL),(779,34,'2016-01-05 23:18:51','2016-01-05 23:33:10'),(780,34,'2016-01-05 23:27:39','2016-01-05 23:33:10'),(781,34,'2016-01-05 23:34:49','2016-01-05 23:35:07'),(782,34,'2016-01-05 23:35:23','2016-01-05 23:35:26'),(783,34,'2016-01-05 23:43:42','2016-01-05 23:43:45'),(784,34,'2016-01-05 23:49:55','2016-01-05 23:53:44'),(785,34,'2016-01-05 23:50:22','2016-01-05 23:53:44'),(786,34,'2016-01-05 23:53:09','2016-01-05 23:53:44'),(787,34,'2016-01-05 23:53:45','2016-01-05 23:53:53'),(788,34,'2016-01-05 23:54:16','2016-01-06 01:05:01'),(789,34,'2016-01-06 00:36:49','2016-01-06 01:05:01'),(790,34,'2016-01-06 00:41:37','2016-01-06 01:05:01'),(791,34,'2016-01-06 00:51:49','2016-01-06 01:05:01'),(792,34,'2016-01-06 00:54:11','2016-01-06 01:05:01'),(793,34,'2016-01-06 00:59:54','2016-01-06 01:05:01'),(794,34,'2016-01-06 01:04:23','2016-01-06 01:05:01'),(795,34,'2016-01-06 01:05:03','2016-01-06 01:05:05'),(796,34,'2016-01-06 01:05:07','2016-01-06 01:05:09'),(797,34,'2016-01-06 01:05:10','2016-01-06 01:05:12'),(798,34,'2016-01-06 01:06:13','2016-01-10 13:52:31'),(799,34,'2016-01-06 01:06:44','2016-01-10 13:52:31'),(800,34,'2016-01-06 01:07:16','2016-01-10 13:52:31'),(801,34,'2016-01-06 01:10:11','2016-01-10 13:52:31'),(802,34,'2016-01-10 12:47:10','2016-01-10 13:52:31'),(803,34,'2016-01-10 13:33:47','2016-01-10 13:52:31'),(804,34,'2016-01-10 13:52:16','2016-01-10 13:52:31'),(805,31,'2016-01-10 13:52:49','2016-01-10 14:11:09'),(806,34,'2016-01-10 13:54:55','2016-01-10 13:55:25'),(807,31,'2016-01-10 13:55:37','2016-01-10 14:11:09'),(808,34,'2016-01-10 13:58:14','2016-01-10 13:58:28'),(809,31,'2016-01-10 13:58:42','2016-01-10 14:11:09'),(810,34,'2016-01-10 14:09:16','2016-01-10 14:09:31'),(811,34,'2016-01-10 14:09:35','2016-01-10 14:09:52'),(812,31,'2016-01-10 14:10:10','2016-01-10 14:11:09'),(813,34,'2016-01-10 14:11:14','2016-01-10 14:19:49'),(814,34,'2016-01-10 14:19:17','2016-01-10 14:19:49'),(815,31,'2016-01-10 14:20:38','2016-01-26 23:45:54'),(816,34,'2016-01-10 14:26:41','2016-01-10 15:06:03'),(817,34,'2016-01-10 15:05:44','2016-01-10 15:06:03'),(818,34,'2016-01-10 15:06:09','2016-01-10 15:13:44'),(819,34,'2016-01-10 15:10:06','2016-01-10 15:13:44'),(820,34,'2016-01-10 15:13:45','2016-01-10 17:01:55'),(821,34,'2016-01-10 17:01:46','2016-01-10 17:01:55'),(822,34,'2016-01-10 17:02:34','2016-01-10 17:03:31'),(823,34,'2016-01-10 17:03:33','2016-01-10 17:04:31'),(824,31,'2016-01-10 17:04:44','2016-01-26 23:45:54'),(825,34,'2016-01-10 17:23:27','2016-01-10 17:25:21'),(826,34,'2016-01-10 17:25:23','2016-01-10 17:37:29'),(827,34,'2016-01-10 17:36:21','2016-01-10 17:37:29'),(828,34,'2016-01-10 17:37:30','2016-01-10 17:38:50'),(829,34,'2016-01-10 17:39:02','2016-01-10 17:42:31'),(830,34,'2016-01-10 17:42:36','2016-01-10 17:44:41'),(831,34,'2016-01-10 18:48:07','2016-01-10 18:51:36'),(832,34,'2016-01-10 18:51:15','2016-01-10 18:51:36'),(833,34,'2016-01-10 18:51:53','2016-01-10 18:52:05'),(834,34,'2016-01-10 18:52:15','2016-01-10 18:52:21'),(835,34,'2016-01-10 18:52:22','2016-01-10 18:53:02'),(836,34,'2016-01-10 18:53:08','2016-01-10 18:55:19'),(837,34,'2016-01-10 18:54:21','2016-01-10 18:55:19'),(838,34,'2016-01-10 18:54:28','2016-01-10 18:55:19'),(839,34,'2016-01-10 18:55:21','2016-01-10 18:56:16'),(840,34,'2016-01-10 18:56:46','2016-01-10 18:57:22'),(841,34,'2016-01-10 18:57:23','2016-01-10 18:57:25'),(842,34,'2016-01-10 18:57:33','2016-01-10 20:01:48'),(843,34,'2016-01-10 19:00:14','2016-01-10 20:01:48'),(844,34,'2016-01-10 19:00:26','2016-01-10 20:01:48'),(845,34,'2016-01-10 19:01:55','2016-01-10 20:01:48'),(846,34,'2016-01-10 19:02:07','2016-01-10 20:01:48'),(847,34,'2016-01-10 19:10:32','2016-01-10 20:01:48'),(848,34,'2016-01-10 19:55:21','2016-01-10 20:01:48'),(849,34,'2016-01-10 19:58:50','2016-01-10 20:01:48'),(850,34,'2016-01-10 20:01:49','2016-01-10 20:12:33'),(851,34,'2016-01-10 20:02:01','2016-01-10 20:12:33'),(852,34,'2016-01-10 20:12:25','2016-01-10 20:12:33'),(853,34,'2016-01-10 20:12:41','2016-01-10 20:15:18'),(854,34,'2016-01-10 20:17:17','2016-01-10 20:23:02'),(855,34,'2016-01-10 20:21:24','2016-01-10 20:23:02'),(856,34,'2016-01-10 20:23:05','2016-01-10 20:23:07'),(857,34,'2016-01-10 20:23:16','2016-01-10 20:23:18'),(858,34,'2016-01-10 20:23:31','2016-01-10 20:23:33'),(859,34,'2016-01-10 20:24:36','2016-01-10 23:55:12'),(860,34,'2016-01-10 21:55:25','2016-01-10 23:55:12'),(861,34,'2016-01-10 22:00:18','2016-01-10 23:55:12'),(862,34,'2016-01-10 22:02:50','2016-01-10 23:55:12'),(863,34,'2016-01-10 22:05:24','2016-01-10 23:55:12'),(864,34,'2016-01-10 23:04:23','2016-01-10 23:55:12'),(865,34,'2016-01-10 23:21:40','2016-01-10 23:55:12'),(866,34,'2016-01-10 23:31:24','2016-01-10 23:55:12'),(867,34,'2016-01-10 23:35:33','2016-01-10 23:55:12'),(868,34,'2016-01-10 23:55:14','2016-01-10 23:57:27'),(869,34,'2016-01-10 23:56:08','2016-01-10 23:57:27'),(870,34,'2016-01-10 23:57:21','2016-01-10 23:57:27'),(871,34,'2016-01-10 23:57:30','2016-01-11 00:18:22'),(872,34,'2016-01-11 00:01:08','2016-01-11 00:18:22'),(873,34,'2016-01-11 00:18:27','2016-01-19 01:33:49'),(874,34,'2016-01-11 00:22:15','2016-01-19 01:33:49'),(875,34,'2016-01-19 00:52:30','2016-01-19 01:33:49'),(876,34,'2016-01-19 00:58:40','2016-01-19 01:33:49'),(877,34,'2016-01-19 01:13:39','2016-01-19 01:33:49'),(878,34,'2016-01-19 01:16:55','2016-01-19 01:33:49'),(879,34,'2016-01-19 01:18:54','2016-01-19 01:33:49'),(880,34,'2016-01-19 01:22:46','2016-01-19 01:33:49'),(881,34,'2016-01-19 01:43:56','2016-01-21 00:24:50'),(882,34,'2016-01-19 18:55:32','2016-01-21 00:24:50'),(883,34,'2016-01-19 19:10:19','2016-01-21 00:24:50'),(884,34,'2016-01-19 19:13:27','2016-01-21 00:24:50'),(885,34,'2016-01-19 19:22:07','2016-01-21 00:24:50'),(886,34,'2016-01-19 19:24:39','2016-01-21 00:24:50'),(887,34,'2016-01-19 19:28:12','2016-01-21 00:24:50'),(888,34,'2016-01-19 19:31:41','2016-01-21 00:24:50'),(889,34,'2016-01-19 19:33:07','2016-01-21 00:24:50'),(890,34,'2016-01-19 19:35:50','2016-01-21 00:24:50'),(891,34,'2016-01-19 19:37:25','2016-01-21 00:24:50'),(892,34,'2016-01-19 19:39:11','2016-01-21 00:24:50'),(893,34,'2016-01-19 19:44:30','2016-01-21 00:24:50'),(894,34,'2016-01-19 23:55:36','2016-01-21 00:24:50'),(895,34,'2016-01-20 00:01:18','2016-01-21 00:24:50'),(896,34,'2016-01-20 00:03:54','2016-01-21 00:24:50'),(897,34,'2016-01-20 00:09:25','2016-01-21 00:24:50'),(898,34,'2016-01-20 00:17:51','2016-01-21 00:24:50'),(899,34,'2016-01-20 00:26:53','2016-01-21 00:24:50'),(900,34,'2016-01-20 00:30:03','2016-01-21 00:24:50'),(901,34,'2016-01-20 00:32:03','2016-01-21 00:24:50'),(902,34,'2016-01-20 00:36:10','2016-01-21 00:24:50'),(903,34,'2016-01-20 00:38:08','2016-01-21 00:24:50'),(904,34,'2016-01-20 00:39:02','2016-01-21 00:24:50'),(905,34,'2016-01-20 00:48:17','2016-01-21 00:24:50'),(906,34,'2016-01-20 18:08:53','2016-01-21 00:24:50'),(907,34,'2016-01-20 18:17:41','2016-01-21 00:24:50'),(908,34,'2016-01-20 23:12:31','2016-01-21 00:24:50'),(909,34,'2016-01-20 23:25:54','2016-01-21 00:24:50'),(910,34,'2016-01-20 23:28:52','2016-01-21 00:24:50'),(911,34,'2016-01-20 23:34:18','2016-01-21 00:24:50'),(912,34,'2016-01-20 23:36:55','2016-01-21 00:24:50'),(913,34,'2016-01-20 23:50:42','2016-01-21 00:24:50'),(914,34,'2016-01-21 00:12:34','2016-01-21 00:24:50'),(915,34,'2016-01-21 00:14:17','2016-01-21 00:24:50'),(916,34,'2016-01-21 00:18:19','2016-01-21 00:24:50'),(917,34,'2016-01-21 00:23:08','2016-01-21 00:24:50'),(918,34,'2016-01-21 00:25:14','2016-01-26 11:04:14'),(919,34,'2016-01-21 00:25:19','2016-01-26 11:04:14'),(920,34,'2016-01-21 00:26:59','2016-01-26 11:04:14'),(921,34,'2016-01-21 00:33:25','2016-01-26 11:04:14'),(922,34,'2016-01-21 00:34:13','2016-01-26 11:04:14'),(923,34,'2016-01-21 00:35:14','2016-01-26 11:04:14'),(924,34,'2016-01-24 14:13:39','2016-01-26 11:04:14'),(925,34,'2016-01-24 14:13:58','2016-01-26 11:04:14'),(926,34,'2016-01-24 14:14:23','2016-01-26 11:04:14'),(927,34,'2016-01-24 14:23:30','2016-01-26 11:04:14'),(928,34,'2016-01-24 14:25:02','2016-01-26 11:04:14'),(929,34,'2016-01-24 14:38:40','2016-01-26 11:04:14'),(930,34,'2016-01-24 14:40:27','2016-01-26 11:04:14'),(931,34,'2016-01-24 14:50:32','2016-01-26 11:04:14'),(932,34,'2016-01-24 15:29:50','2016-01-26 11:04:14'),(933,34,'2016-01-24 15:33:05','2016-01-26 11:04:14'),(934,34,'2016-01-24 15:37:21','2016-01-26 11:04:14'),(935,34,'2016-01-24 15:42:22','2016-01-26 11:04:14'),(936,34,'2016-01-24 23:59:56','2016-01-26 11:04:14'),(937,34,'2016-01-25 00:06:18','2016-01-26 11:04:14'),(938,34,'2016-01-25 00:12:29','2016-01-26 11:04:14'),(939,34,'2016-01-25 00:18:52','2016-01-26 11:04:14'),(940,34,'2016-01-25 00:32:32','2016-01-26 11:04:14'),(941,34,'2016-01-25 00:35:45','2016-01-26 11:04:14'),(942,34,'2016-01-25 00:37:55','2016-01-26 11:04:14'),(943,34,'2016-01-25 19:57:26','2016-01-26 11:04:14'),(944,34,'2016-01-25 20:00:01','2016-01-26 11:04:14'),(945,34,'2016-01-25 20:00:36','2016-01-26 11:04:14'),(946,34,'2016-01-25 20:05:10','2016-01-26 11:04:14'),(947,34,'2016-01-25 20:13:30','2016-01-26 11:04:14'),(948,34,'2016-01-25 20:18:54','2016-01-26 11:04:14'),(949,34,'2016-01-25 20:28:00','2016-01-26 11:04:14'),(950,34,'2016-01-25 20:28:22','2016-01-26 11:04:14'),(951,34,'2016-01-25 20:30:24','2016-01-26 11:04:14'),(952,34,'2016-01-25 20:31:52','2016-01-26 11:04:14'),(953,34,'2016-01-25 20:33:22','2016-01-26 11:04:14'),(954,34,'2016-01-25 20:37:58','2016-01-26 11:04:14'),(955,34,'2016-01-25 20:40:45','2016-01-26 11:04:14'),(956,34,'2016-01-25 20:43:59','2016-01-26 11:04:14'),(957,34,'2016-01-25 20:45:25','2016-01-26 11:04:14'),(958,34,'2016-01-25 20:48:09','2016-01-26 11:04:14'),(959,34,'2016-01-25 20:51:32','2016-01-26 11:04:14'),(960,34,'2016-01-25 20:54:36','2016-01-26 11:04:14'),(961,34,'2016-01-25 20:56:23','2016-01-26 11:04:14'),(962,34,'2016-01-26 07:36:32','2016-01-26 11:04:14'),(963,34,'2016-01-26 07:48:05','2016-01-26 11:04:14'),(964,34,'2016-01-26 08:16:18','2016-01-26 11:04:14'),(965,34,'2016-01-26 10:04:02','2016-01-26 11:04:14'),(966,34,'2016-01-26 12:48:02','2016-01-26 23:42:36'),(967,34,'2016-01-26 13:04:37','2016-01-26 23:42:36'),(968,34,'2016-01-26 13:16:37','2016-01-26 23:42:36'),(969,34,'2016-01-26 13:27:34','2016-01-26 23:42:36'),(970,34,'2016-01-26 13:29:12','2016-01-26 23:42:36'),(971,34,'2016-01-26 13:31:49','2016-01-26 23:42:36'),(972,34,'2016-01-26 13:33:29','2016-01-26 23:42:36'),(973,34,'2016-01-26 13:40:13','2016-01-26 23:42:36'),(974,34,'2016-01-26 13:43:15','2016-01-26 23:42:36'),(975,34,'2016-01-26 13:44:50','2016-01-26 23:42:36'),(976,34,'2016-01-26 13:46:10','2016-01-26 23:42:36'),(977,31,'2016-01-26 23:38:43','2016-01-26 23:45:54'),(978,34,'2016-01-26 23:42:23','2016-01-26 23:42:36'),(979,31,'2016-01-26 23:42:52','2016-01-26 23:45:54'),(980,31,'2016-01-26 23:44:28','2016-01-26 23:45:54'),(981,31,'2016-01-26 23:46:08','2016-01-27 01:39:36'),(982,34,'2016-01-26 23:55:07',NULL),(983,31,'2016-01-26 23:55:45','2016-01-27 01:39:36'),(984,31,'2016-01-27 00:29:32','2016-01-27 01:39:36'),(985,31,'2016-01-27 00:34:10','2016-01-27 01:39:36'),(986,31,'2016-01-27 00:49:06','2016-01-27 01:39:36'),(987,31,'2016-01-27 01:22:22','2016-01-27 01:39:36'),(988,31,'2016-01-27 01:39:10','2016-01-27 01:39:36'),(989,31,'2016-01-27 07:20:50','2016-01-27 13:41:30'),(990,31,'2016-01-27 13:25:17','2016-01-27 13:41:30'),(991,31,'2016-01-27 13:39:23','2016-01-27 13:41:30'),(992,31,'2016-01-27 13:41:37','2016-01-27 13:42:14'),(993,31,'2016-01-27 13:42:22','2016-01-28 12:51:18'),(994,31,'2016-01-27 14:07:48','2016-01-28 12:51:18'),(995,31,'2016-01-27 14:12:53','2016-01-28 12:51:18'),(996,31,'2016-01-27 14:18:51','2016-01-28 12:51:18'),(997,31,'2016-01-27 14:23:37','2016-01-28 12:51:18'),(998,31,'2016-01-27 15:58:05','2016-01-28 12:51:18'),(999,31,'2016-01-28 11:12:28','2016-01-28 12:51:18'),(1000,31,'2016-01-28 11:18:40','2016-01-28 12:51:18'),(1001,31,'2016-01-28 11:22:55','2016-01-28 12:51:18'),(1002,31,'2016-01-28 11:51:46','2016-01-28 12:51:18'),(1003,31,'2016-01-28 11:56:39','2016-01-28 12:51:18'),(1004,31,'2016-01-28 11:58:28','2016-01-28 12:51:18'),(1005,31,'2016-01-28 12:08:22','2016-01-28 12:51:18'),(1006,31,'2016-01-28 12:09:15','2016-01-28 12:51:18'),(1007,31,'2016-01-28 12:09:30','2016-01-28 12:51:18'),(1008,31,'2016-01-28 12:16:16','2016-01-28 12:51:18'),(1009,31,'2016-01-28 12:28:48','2016-01-28 12:51:18'),(1010,31,'2016-01-28 12:48:42','2016-01-28 12:51:18'),(1011,31,'2016-01-28 12:51:20','2016-01-28 12:57:12'),(1012,31,'2016-01-28 12:52:29','2016-01-28 12:57:12'),(1013,31,'2016-01-28 12:57:13','2016-01-28 13:27:04'),(1014,31,'2016-01-28 13:01:23','2016-01-28 13:27:04'),(1015,31,'2016-01-28 13:05:31','2016-01-28 13:27:04'),(1016,31,'2016-01-28 13:10:50','2016-01-28 13:27:04'),(1017,31,'2016-01-28 13:14:19','2016-01-28 13:27:04'),(1018,31,'2016-01-28 13:15:37','2016-01-28 13:27:04'),(1019,31,'2016-01-28 13:21:36','2016-01-28 13:27:04'),(1020,31,'2016-01-28 13:21:57','2016-01-28 13:27:04'),(1021,31,'2016-01-28 13:27:15','2016-01-28 14:17:45'),(1022,31,'2016-01-28 13:38:41','2016-01-28 14:17:45'),(1023,31,'2016-01-28 13:41:59','2016-01-28 14:17:45'),(1024,31,'2016-01-28 14:17:47','2016-01-28 14:18:06'),(1025,31,'2016-01-28 14:18:07','2016-01-28 14:22:50'),(1026,31,'2016-01-28 14:19:13','2016-01-28 14:22:50'),(1027,31,'2016-01-28 14:22:58','2016-01-28 14:31:57'),(1028,31,'2016-01-28 14:27:10','2016-01-28 14:31:57'),(1029,31,'2016-01-28 14:29:15','2016-01-28 14:31:57'),(1030,31,'2016-01-28 14:30:58','2016-01-28 14:31:57'),(1031,31,'2016-01-28 14:30:58','2016-01-28 14:31:57'),(1032,31,'2016-01-28 14:32:09','2016-01-28 15:29:26'),(1033,31,'2016-01-28 14:39:06','2016-01-28 15:29:26'),(1034,31,'2016-01-28 14:42:13','2016-01-28 15:29:26'),(1035,31,'2016-01-28 14:44:55','2016-01-28 15:29:26'),(1036,31,'2016-01-28 14:46:30','2016-01-28 15:29:26'),(1037,31,'2016-01-28 14:54:39','2016-01-28 15:29:26'),(1038,31,'2016-01-28 15:05:27','2016-01-28 15:29:26'),(1039,31,'2016-01-28 15:29:14','2016-01-28 15:29:26'),(1040,31,'2016-01-28 15:29:28','2016-01-28 15:40:10'),(1041,31,'2016-01-28 15:39:16','2016-01-28 15:40:10'),(1042,31,'2016-01-28 15:42:58','2016-01-28 15:45:32'),(1043,31,'2016-01-28 15:44:22','2016-01-28 15:45:32'),(1044,31,'2016-01-28 15:45:40','2016-01-28 15:54:10'),(1045,31,'2016-01-28 15:54:17','2016-01-28 15:54:27'),(1046,31,'2016-01-28 15:54:30','2016-01-28 16:31:43'),(1047,31,'2016-01-28 16:21:29','2016-01-28 16:31:43'),(1048,31,'2016-01-28 16:30:22','2016-01-28 16:31:43'),(1049,31,'2016-01-28 16:31:51','2016-01-28 16:37:11'),(1050,31,'2016-01-28 16:37:23','2016-01-29 00:26:16'),(1051,31,'2016-01-28 23:21:15','2016-01-29 00:26:16'),(1052,31,'2016-01-28 23:33:53','2016-01-29 00:26:16'),(1053,31,'2016-01-28 23:35:41','2016-01-29 00:26:16'),(1054,31,'2016-01-29 00:14:56','2016-01-29 00:26:16'),(1055,31,'2016-01-29 00:21:38','2016-01-29 00:26:16'),(1056,31,'2016-01-29 00:40:59','2016-01-29 11:00:37'),(1057,31,'2016-01-29 00:51:08','2016-01-29 11:00:37'),(1058,31,'2016-01-29 01:04:05','2016-01-29 11:00:37'),(1059,31,'2016-01-29 01:16:00','2016-01-29 11:00:37'),(1060,31,'2016-01-29 01:22:23','2016-01-29 11:00:37'),(1061,31,'2016-01-29 10:59:59','2016-01-29 11:00:37'),(1062,36,'2016-01-29 11:00:59',NULL),(1063,41,'2016-01-29 11:02:25','2016-01-29 12:47:24'),(1064,31,'2016-01-29 11:07:53','2016-01-29 11:08:47'),(1065,41,'2016-01-29 11:09:13','2016-01-29 12:47:24'),(1066,31,'2016-01-29 11:13:37','2016-01-29 12:45:13'),(1067,31,'2016-01-29 11:21:22','2016-01-29 12:45:13'),(1068,31,'2016-01-29 11:24:41','2016-01-29 12:45:13'),(1069,31,'2016-01-29 12:04:45','2016-01-29 12:45:13'),(1070,31,'2016-01-29 12:11:01','2016-01-29 12:45:13'),(1071,31,'2016-01-29 12:15:32','2016-01-29 12:45:13'),(1072,31,'2016-01-29 12:30:30','2016-01-29 12:45:13'),(1073,31,'2016-01-29 12:32:44','2016-01-29 12:45:13'),(1074,31,'2016-01-29 12:35:37','2016-01-29 12:45:13'),(1075,31,'2016-01-29 12:42:19','2016-01-29 12:45:13'),(1076,41,'2016-01-29 12:45:24','2016-01-29 12:47:24'),(1077,41,'2016-01-29 12:47:44','2016-01-29 15:00:39'),(1078,31,'2016-01-29 12:53:10','2016-01-29 12:53:21'),(1079,41,'2016-01-29 12:53:32','2016-01-29 15:00:39'),(1080,41,'2016-01-29 13:08:00','2016-01-29 15:00:39'),(1081,41,'2016-01-29 13:20:58','2016-01-29 15:00:39'),(1082,41,'2016-01-29 13:27:06','2016-01-29 15:00:39'),(1083,41,'2016-01-29 13:31:12','2016-01-29 15:00:39'),(1084,41,'2016-01-29 14:18:31','2016-01-29 15:00:39'),(1085,41,'2016-01-29 14:21:04','2016-01-29 15:00:39'),(1086,41,'2016-01-29 14:28:47','2016-01-29 15:00:39'),(1087,41,'2016-01-29 14:29:45','2016-01-29 15:00:39'),(1088,41,'2016-01-29 14:36:41','2016-01-29 15:00:39'),(1089,41,'2016-01-29 14:44:32','2016-01-29 15:00:39'),(1090,41,'2016-01-29 14:46:57','2016-01-29 15:00:39'),(1091,41,'2016-01-29 14:53:39','2016-01-29 15:00:39'),(1092,41,'2016-01-29 15:00:16','2016-01-29 15:00:39'),(1093,31,'2016-01-29 15:00:48','2016-01-29 15:03:52'),(1094,41,'2016-01-29 15:04:00','2016-01-29 15:04:39'),(1095,34,'2016-01-29 15:04:47',NULL),(1096,41,'2016-01-29 15:10:19','2016-01-29 16:00:15'),(1097,34,'2016-01-29 15:15:26',NULL),(1098,41,'2016-01-29 15:23:24','2016-01-29 16:00:15'),(1099,41,'2016-01-29 15:29:42','2016-01-29 16:00:15'),(1100,41,'2016-01-29 15:39:26','2016-01-29 16:00:15'),(1101,41,'2016-01-29 15:43:10','2016-01-29 16:00:15'),(1102,41,'2016-01-29 15:51:49','2016-01-29 16:00:15'),(1103,41,'2016-01-29 15:52:33','2016-01-29 16:00:15'),(1104,41,'2016-01-29 15:56:10','2016-01-29 16:00:15'),(1105,41,'2016-01-29 15:59:17','2016-01-29 16:00:15'),(1106,34,'2016-01-29 16:00:24',NULL),(1107,41,'2016-01-29 16:03:25','2016-01-29 16:15:26'),(1108,41,'2016-01-29 16:08:44','2016-01-29 16:15:26'),(1109,41,'2016-01-29 16:09:32','2016-01-29 16:15:26'),(1110,41,'2016-01-29 16:09:46','2016-01-29 16:15:26'),(1111,41,'2016-01-29 16:13:25','2016-01-29 16:15:26'),(1112,41,'2016-01-29 16:15:28','2016-01-29 20:24:01'),(1113,41,'2016-01-29 16:32:05','2016-01-29 20:24:01'),(1114,41,'2016-01-29 16:34:05','2016-01-29 20:24:01'),(1115,41,'2016-01-29 16:36:15','2016-01-29 20:24:01'),(1116,41,'2016-01-29 16:49:46','2016-01-29 20:24:01'),(1117,41,'2016-01-29 16:53:08','2016-01-29 20:24:01'),(1118,41,'2016-01-29 16:54:17','2016-01-29 20:24:01'),(1119,41,'2016-01-29 17:00:31','2016-01-29 20:24:01'),(1120,41,'2016-01-29 17:01:15','2016-01-29 20:24:01'),(1121,41,'2016-01-29 17:02:04','2016-01-29 20:24:01'),(1122,41,'2016-01-29 18:27:53','2016-01-29 20:24:01'),(1123,41,'2016-01-29 18:32:53','2016-01-29 20:24:01'),(1124,41,'2016-01-29 18:36:52','2016-01-29 20:24:01'),(1125,41,'2016-01-29 18:38:51','2016-01-29 20:24:01'),(1126,41,'2016-01-29 18:46:05','2016-01-29 20:24:01'),(1127,41,'2016-01-29 18:58:30','2016-01-29 20:24:01'),(1128,41,'2016-01-29 19:00:34','2016-01-29 20:24:01'),(1129,41,'2016-01-29 19:32:29','2016-01-29 20:24:01'),(1130,41,'2016-01-29 19:35:41','2016-01-29 20:24:01'),(1131,41,'2016-01-29 19:40:10','2016-01-29 20:24:01'),(1132,41,'2016-01-29 19:51:06','2016-01-29 20:24:01'),(1133,41,'2016-01-29 19:58:35','2016-01-29 20:24:01'),(1134,41,'2016-01-29 20:05:29','2016-01-29 20:24:01'),(1135,41,'2016-01-29 20:09:45','2016-01-29 20:24:01'),(1136,41,'2016-01-29 20:12:07','2016-01-29 20:24:01'),(1137,41,'2016-01-29 20:13:35','2016-01-29 20:24:01'),(1138,41,'2016-01-29 20:16:01','2016-01-29 20:24:01'),(1139,41,'2016-01-29 20:22:18','2016-01-29 20:24:01'),(1140,41,'2016-01-29 20:23:03','2016-01-29 20:24:01'),(1141,41,'2016-01-29 20:24:04','2016-01-29 20:24:08'),(1142,41,'2016-01-29 20:24:09','2016-01-29 21:30:15'),(1143,41,'2016-01-29 20:25:50','2016-01-29 21:30:15'),(1144,41,'2016-01-29 20:42:32','2016-01-29 21:30:15'),(1145,41,'2016-01-29 20:44:39','2016-01-29 21:30:15'),(1146,41,'2016-01-29 20:46:50','2016-01-29 21:30:15'),(1147,41,'2016-01-29 21:25:16','2016-01-29 21:30:15'),(1148,41,'2016-01-29 21:29:45','2016-01-29 21:30:15'),(1149,31,'2016-01-29 21:30:31','2016-01-29 21:31:32'),(1150,41,'2016-01-29 21:31:40','2016-01-29 21:32:16'),(1151,41,'2016-01-29 21:32:26','2016-01-29 21:33:00'),(1152,31,'2016-01-29 21:33:15','2016-01-29 22:35:50'),(1153,41,'2016-01-29 21:42:51','2016-01-29 21:43:55'),(1154,31,'2016-01-29 21:44:15','2016-01-29 22:35:50'),(1155,31,'2016-01-29 21:55:22','2016-01-29 22:35:50'),(1156,41,'2016-01-29 22:11:16','2016-01-29 22:30:08'),(1157,31,'2016-01-29 22:13:32','2016-01-29 22:35:50'),(1158,31,'2016-01-29 22:19:32','2016-01-29 22:35:50'),(1159,41,'2016-01-29 22:21:51','2016-01-29 22:30:08'),(1160,31,'2016-01-29 22:30:24','2016-01-29 22:35:50'),(1161,41,'2016-01-29 22:35:57','2016-01-29 22:38:20'),(1162,31,'2016-01-29 22:38:37','2016-01-29 22:38:59'),(1163,41,'2016-01-29 22:39:03','2016-01-29 22:39:26'),(1164,41,'2016-01-29 22:39:30','2016-01-29 22:39:35'),(1165,31,'2016-01-29 22:39:48','2016-01-29 22:40:13'),(1166,41,'2016-01-29 22:40:18','2016-01-29 22:59:49'),(1167,41,'2016-01-29 22:45:09','2016-01-29 22:59:49'),(1168,41,'2016-01-29 22:52:59','2016-01-29 22:59:49'),(1169,41,'2016-01-29 22:54:42','2016-01-29 22:59:49'),(1170,41,'2016-01-29 22:59:45','2016-01-29 22:59:49'),(1171,31,'2016-01-29 23:00:01',NULL),(1172,41,'2016-01-29 23:22:12','2016-01-30 00:01:33'),(1173,41,'2016-01-29 23:24:08','2016-01-30 00:01:33'),(1174,41,'2016-01-29 23:34:49','2016-01-30 00:01:33'),(1175,41,'2016-01-29 23:40:20','2016-01-30 00:01:33'),(1176,41,'2016-01-29 23:47:22','2016-01-30 00:01:33'),(1177,41,'2016-01-29 23:55:18','2016-01-30 00:01:33'),(1178,41,'2016-01-30 00:00:46','2016-01-30 00:01:33'),(1179,31,'2016-01-30 00:01:46',NULL),(1180,41,'2016-01-30 00:08:01','2016-01-30 00:36:00'),(1181,41,'2016-01-30 00:10:43','2016-01-30 00:36:00'),(1182,41,'2016-01-30 00:12:51','2016-01-30 00:36:00'),(1183,41,'2016-01-30 00:27:18','2016-01-30 00:36:00'),(1184,31,'2016-01-30 00:32:17',NULL),(1185,41,'2016-01-30 00:35:31','2016-01-30 00:36:00'),(1186,41,'2016-01-30 00:36:08','2016-01-30 00:36:16'),(1187,31,'2016-01-30 00:36:27',NULL);

/*Table structure for table `users` */

DROP TABLE IF EXISTS `users`;

CREATE TABLE `users` (
  `id` int(11) NOT NULL AUTO_INCREMENT,
  `username` varchar(40) DEFAULT NULL,
  `password` varchar(40) DEFAULT NULL,
  `first_name` varchar(40) DEFAULT NULL,
  `last_name` varchar(40) DEFAULT NULL,
  `bdate` date DEFAULT NULL,
  `natio_id` int(11) DEFAULT NULL,
  `gender` char(1) DEFAULT NULL,
  `current_location` varchar(100) DEFAULT NULL,
  `email_address` varchar(40) DEFAULT NULL,
  `contact_number` varchar(40) DEFAULT NULL,
  `privacy_flag` char(1) DEFAULT NULL,
  `pref_start_age` int(11) DEFAULT NULL,
  `pref_end_age` int(11) DEFAULT NULL,
  `pref_gender` char(1) DEFAULT NULL,
  `pref_location` varchar(100) DEFAULT NULL,
  `active_flag` char(1) DEFAULT 'A',
  `user_image` varchar(40) DEFAULT NULL,
  `date_registered` datetime DEFAULT NULL,
  PRIMARY KEY (`id`),
  KEY `nationality_id` (`natio_id`)
) ENGINE=InnoDB AUTO_INCREMENT=52 DEFAULT CHARSET=latin1;

/*Data for the table `users` */

insert  into `users`(`id`,`username`,`password`,`first_name`,`last_name`,`bdate`,`natio_id`,`gender`,`current_location`,`email_address`,`contact_number`,`privacy_flag`,`pref_start_age`,`pref_end_age`,`pref_gender`,`pref_location`,`active_flag`,`user_image`,`date_registered`) values (5,'michelle','mako','Michelle','Sibi','2015-12-22',1,'F','Paknaan','sibi.michelle@gmail.com','143','Y',19,27,'M','Mandaue','A','mark.jpg',NULL),(31,'spoofermark21','welcome','Mark','Sibi','2016-11-20',161,'M','Paknaan Mandaue City','sibi.michelle@gmail.com','09329055488',NULL,13,21,'B','Mandaue City','A','rILos7CIHh','2015-12-09 00:00:14'),(34,'john','johnny','John','Yuson','1995-08-21',62,'M','Opao, Mandaue City','john_corven@yahoo.com','09236224337','Y',19,27,'F','Mandaue city','A','7QAQnCQJdk','2015-12-18 22:50:47'),(36,'aizeconchas','lucky15','Aize','Conchas','1996-06-24',62,'F','current_location','aizeconchas@gmail.com','09229246007',NULL,NULL,NULL,NULL,NULL,'A','mark.png','2015-12-19 00:40:02'),(41,'ilovemark','noviemark','Novie','Paquibot','2013-11-19',116,'F','Lapulapu city','novie@gmail.com','0932905488',NULL,16,19,'B','Mandaue City','A','9paviDvqJE','2015-12-19 21:27:52'),(42,'michelle','michelle','Michelle','Sibi','2015-11-19',146,'F','Mandaue City','sibi.mark21@gmail.com','2141241412',NULL,NULL,NULL,NULL,NULL,'A','mark.png','2015-12-19 23:14:58'),(44,'NovieChan','animelover123','Novie Arys','Paquibot','2015-11-11',62,'F','Basak Mercado Lapu-Lapu City','paquibot_novie@yahoo.com','9425837030',NULL,NULL,NULL,NULL,NULL,'A','mark.png','2015-12-25 18:48:03'),(45,'GianEs','escarpe','Gian Carlo','Escarpe','1995-06-16',62,'M','Lapu-lapu city','escarpegian@gmail.com','9434026074',NULL,NULL,NULL,NULL,NULL,'A','mark.png','2015-12-30 16:43:53'),(46,'lester123','baring','jlester','baring','1996-11-15',62,'M','mandaue','lester@yahoo.com','9227622524',NULL,NULL,NULL,NULL,NULL,'A','mark.png','2016-01-02 21:40:15'),(47,'amsterdam','0942gtf','angelo','aasco','1992-06-25',62,'M','mandaue','angelo@gmail.com','09266949790',NULL,NULL,NULL,NULL,NULL,'A','mark.png','2016-01-05 23:10:55');

/*!40101 SET SQL_MODE=@OLD_SQL_MODE */;
/*!40014 SET FOREIGN_KEY_CHECKS=@OLD_FOREIGN_KEY_CHECKS */;
/*!40014 SET UNIQUE_CHECKS=@OLD_UNIQUE_CHECKS */;
/*!40111 SET SQL_NOTES=@OLD_SQL_NOTES */;
